Model,#States,BVI,D_BVI,D_SVI,G_BVI,G_OVI,G_SVI,OPT_OVI,OVI,SVI,TOP_BVI,TOP_OVI,TOP_SVI,TOP_VI,T_BVI,T_OVI,T_SI_SI,T_SVI,VI,WP
RANDOM_Size_10002_MinAct_100_MinTransProb_0.0001_Model_1,,,,,,,,,,,,,,,,,,,,
RANDOM_Size_10002_MinAct_100_MinTransProb_0.0001_Model_10,,,,,,,,,,,,,,,,,,,,
RANDOM_Size_10002_MinAct_100_MinTransProb_0.0001_Model_2,,,,,,,,,,,,,,,,,,,,
RANDOM_Size_10002_MinAct_100_MinTransProb_0.0001_Model_3,,,,,,,,,,,,,,,,,,,,
RANDOM_Size_10002_MinAct_100_MinTransProb_0.0001_Model_4,,,,,,,,,,,,,,,,,,,,
RANDOM_Size_10002_MinAct_100_MinTransProb_0.0001_Model_5,,,,,,,,,,,,,,,,,,,,
RANDOM_Size_10002_MinAct_100_MinTransProb_0.0001_Model_6,,,,,,,,,,,,,,,,,,,,
RANDOM_Size_10002_MinAct_100_MinTransProb_0.0001_Model_7,,,,,,,,,,,,,,,,,,,,
RANDOM_Size_10002_MinAct_100_MinTransProb_0.0001_Model_8,,,,,,,,,,,,,,,,,,,,
RANDOM_Size_10002_MinAct_100_MinTransProb_0.0001_Model_9,,,,,,,,,,,,,,,,,,,,
RANDOM_Size_10002_MinAct_100_MinTransProb_0.01_Model_1,,,,,,,,,,,,,,,,,,,,
RANDOM_Size_10002_MinAct_100_MinTransProb_0.01_Model_10,,,,,,,,,,,,,,,,,,,,
RANDOM_Size_10002_MinAct_100_MinTransProb_0.01_Model_2,,,,,,,,,,,,,,,,,,,,
RANDOM_Size_10002_MinAct_100_MinTransProb_0.01_Model_3,,,,,,,,,,,,,,,,,,,,
RANDOM_Size_10002_MinAct_100_MinTransProb_0.01_Model_4,,,,,,,,,,,,,,,,,,,,
RANDOM_Size_10002_MinAct_100_MinTransProb_0.01_Model_5,,,,,,,,,,,,,,,,,,,,
RANDOM_Size_10002_MinAct_100_MinTransProb_0.01_Model_6,,,,,,,,,,,,,,,,,,,,
RANDOM_Size_10002_MinAct_100_MinTransProb_0.01_Model_7,,,,,,,,,,,,,,,,,,,,
RANDOM_Size_10002_MinAct_100_MinTransProb_0.01_Model_8,,,,,,,,,,,,,,,,,,,,
RANDOM_Size_10002_MinAct_100_MinTransProb_0.01_Model_9,,,,,,,,,,,,,,,,,,,,
RANDOM_Size_10002_MinAct_100_Model_1,,,,,,,,,,,,,,,,,,,,
RANDOM_Size_10002_MinAct_100_Model_10,,,,,,,,,,,,,,,,,,,,
RANDOM_Size_10002_MinAct_100_Model_2,,,,,,,,,,,,,,,,,,,,
RANDOM_Size_10002_MinAct_100_Model_3,,,,,,,,,,,,,,,,,,,,
RANDOM_Size_10002_MinAct_100_Model_4,,,,,,,,,,,,,,,,,,,,
RANDOM_Size_10002_MinAct_100_Model_5,,,,,,,,,,,,,,,,,,,,
RANDOM_Size_10002_MinAct_100_Model_6,,,,,,,,,,,,,,,,,,,,
RANDOM_Size_10002_MinAct_100_Model_7,,,,,,,,,,,,,,,,,,,,
RANDOM_Size_10002_MinAct_100_Model_8,,,,,,,,,,,,,,,,,,,,
RANDOM_Size_10002_MinAct_100_Model_9,,,,,,,,,,,,,,,,,,,,
RANDOM_Size_10002_MinAct_3_MinTransProb_0.0001_Model_1,,,,,,,,,,,,,,,,,,,,
RANDOM_Size_10002_MinAct_3_MinTransProb_0.0001_Model_10,,,,,,,,,,,,,,,,,,,,
RANDOM_Size_10002_MinAct_3_MinTransProb_0.0001_Model_11,,,,,,,,,,,,,,,,,,,,
RANDOM_Size_10002_MinAct_3_MinTransProb_0.0001_Model_12,,,,,,,,,,,,,,,,,,,,
RANDOM_Size_10002_MinAct_3_MinTransProb_0.0001_Model_13,,,,,,,,,,,,,,,,,,,,
RANDOM_Size_10002_MinAct_3_MinTransProb_0.0001_Model_14,,,,,,,,,,,,,,,,,,,,
RANDOM_Size_10002_MinAct_3_MinTransProb_0.0001_Model_15,,,,,,,,,,,,,,,,,,,,
RANDOM_Size_10002_MinAct_3_MinTransProb_0.0001_Model_16,,,,,,,,,,,,,,,,,,,,
RANDOM_Size_10002_MinAct_3_MinTransProb_0.0001_Model_17,,,,,,,,,,,,,,,,,,,,
RANDOM_Size_10002_MinAct_3_MinTransProb_0.0001_Model_18,,,,,,,,,,,,,,,,,,,,
RANDOM_Size_10002_MinAct_3_MinTransProb_0.0001_Model_19,,,,,,,,,,,,,,,,,,,,
RANDOM_Size_10002_MinAct_3_MinTransProb_0.0001_Model_2,,,,,,,,,,,,,,,,,,,,
RANDOM_Size_10002_MinAct_3_MinTransProb_0.0001_Model_20,,,,,,,,,,,,,,,,,,,,
RANDOM_Size_10002_MinAct_3_MinTransProb_0.0001_Model_3,,,,,,,,,,,,,,,,,,,,
RANDOM_Size_10002_MinAct_3_MinTransProb_0.0001_Model_4,,,,,,,,,,,,,,,,,,,,
RANDOM_Size_10002_MinAct_3_MinTransProb_0.0001_Model_5,,,,,,,,,,,,,,,,,,,,
RANDOM_Size_10002_MinAct_3_MinTransProb_0.0001_Model_6,,,,,,,,,,,,,,,,,,,,
RANDOM_Size_10002_MinAct_3_MinTransProb_0.0001_Model_7,,,,,,,,,,,,,,,,,,,,
RANDOM_Size_10002_MinAct_3_MinTransProb_0.0001_Model_8,,,,,,,,,,,,,,,,,,,,
RANDOM_Size_10002_MinAct_3_MinTransProb_0.0001_Model_9,,,,,,,,,,,,,,,,,,,,
RANDOM_Size_10002_MinAct_3_MinTransProb_0.01_Model_1,,,,,,,,,,,,,,,,,,,,
RANDOM_Size_10002_MinAct_3_MinTransProb_0.01_Model_10,,,,,,,,,,,,,,,,,,,,
RANDOM_Size_10002_MinAct_3_MinTransProb_0.01_Model_11,,,,,,,,,,,,,,,,,,,,
RANDOM_Size_10002_MinAct_3_MinTransProb_0.01_Model_12,,,,,,,,,,,,,,,,,0.0,,,
RANDOM_Size_10002_MinAct_3_MinTransProb_0.01_Model_13,,,,,,,,,,,,,,,,,,,,
RANDOM_Size_10002_MinAct_3_MinTransProb_0.01_Model_14,,,,,,,,,,,,,,,,,,,,
RANDOM_Size_10002_MinAct_3_MinTransProb_0.01_Model_15,,,,,,,,,,,,,,,,,,,,
RANDOM_Size_10002_MinAct_3_MinTransProb_0.01_Model_16,,,,,,,,,,,,,,,,,0.0,,,
RANDOM_Size_10002_MinAct_3_MinTransProb_0.01_Model_17,,,,,,,,,,,,,,,,,0.0,,,
RANDOM_Size_10002_MinAct_3_MinTransProb_0.01_Model_18,,,,,,,,,,,,,,,,,,,,
RANDOM_Size_10002_MinAct_3_MinTransProb_0.01_Model_19,,,,,,,,,,,,,,,,,0.0,,,
RANDOM_Size_10002_MinAct_3_MinTransProb_0.01_Model_2,,,,,,,,,,,,,,,,,0.0,,0.0,
RANDOM_Size_10002_MinAct_3_MinTransProb_0.01_Model_20,,,,,,,,,,,,,,,,,0.0,,0.0,
RANDOM_Size_10002_MinAct_3_MinTransProb_0.01_Model_3,,,,,,,,,,,,,,,,,,,,
RANDOM_Size_10002_MinAct_3_MinTransProb_0.01_Model_4,,,,,,,,,,,,,,,,,0.0,,0.0,
RANDOM_Size_10002_MinAct_3_MinTransProb_0.01_Model_5,,,,,,,,,,,,,,,,,,,0.9000000000000002,
RANDOM_Size_10002_MinAct_3_MinTransProb_0.01_Model_6,,,,,,,,,,,,,,,,,,,,
RANDOM_Size_10002_MinAct_3_MinTransProb_0.01_Model_7,,,,,,,,,,,,,,,,,,,0.0,
RANDOM_Size_10002_MinAct_3_MinTransProb_0.01_Model_8,,,,,,,,,,,,,,,,,0.0,,0.0,
RANDOM_Size_10002_MinAct_3_MinTransProb_0.01_Model_9,,,,,,,,,,,,,,,,,,,,
RANDOM_Size_10002_MinAct_3_Model_1,10002,0.9,,,,0.9,,,,0.9,0.9,,,0.9,0.9,0.9,0.9,,0.9,
RANDOM_Size_10002_MinAct_3_Model_10,10002,0.0,0.0,0.0,,0.0,0.0,0.0,,0.0,0.0,0.0,0.0,0.0,0.0,0.0,0.0,0.0,0.0,
RANDOM_Size_10002_MinAct_3_Model_11,,,,,,,,,,,,,,,,,0.9,,,
RANDOM_Size_10002_MinAct_3_Model_12,10002,0.0,,,,,,,,0.0,0.0,0.0,,0.0,0.0,0.0,0.0,0.0,0.0,
RANDOM_Size_10002_MinAct_3_Model_13,,,,,,,,,,0.0,0.0,0.0,,,0.0,,0.0,0.0,0.0,
RANDOM_Size_10002_MinAct_3_Model_14,,,,,,,0.0,,,0.0,0.0,0.0,,,,0.0,0.0,0.0,0.0,
RANDOM_Size_10002_MinAct_3_Model_15,,,,,,0.0,,0.0,,0.0,,,,,0.0,,,,0.0,
RANDOM_Size_10002_MinAct_3_Model_16,,,,0.0,,,,,,,,,,,,,,,0.0,
RANDOM_Size_10002_MinAct_3_Model_17,,,,0.0,,,,,,0.0,0.0,0.0,,,0.0,,0.0,,0.0,
RANDOM_Size_10002_MinAct_3_Model_18,10002,0.0,,,,,0.0,,,0.0,0.0,0.0,,,0.0,,0.0,,0.0,
RANDOM_Size_10002_MinAct_3_Model_19,,,,,,,,0.0,,0.0,,0.0,,,0.0,,,,0.0,
RANDOM_Size_10002_MinAct_3_Model_2,,,0.0,0.0,,0.0,0.0,0.0,,0.0,0.0,0.0,0.0,,0.0,0.0,0.0,,0.0,
RANDOM_Size_10002_MinAct_3_Model_20,,,0.0,,,,,0.0,0.0,0.0,0.0,0.0,,,0.0,,,,0.0,
RANDOM_Size_10002_MinAct_3_Model_3,,,,,,0.0,0.0,,,0.0,0.0,0.0,,,0.0,,,,0.0,
RANDOM_Size_10002_MinAct_3_Model_4,,,,0.0,,0.0,,0.0,,,0.0,,,,,0.0,,,0.0,
RANDOM_Size_10002_MinAct_3_Model_5,,,,0.9,,,,,,0.9,0.900000000000019,,,,0.9,0.9,,,0.9,
RANDOM_Size_10002_MinAct_3_Model_6,,,0.0,0.0,,0.0,0.0,0.0,,0.0,,0.0,0.0,,0.0,0.0,,,0.0,
RANDOM_Size_10002_MinAct_3_Model_7,,,,0.0,,0.0,,0.0,,0.0,0.0,0.0,,0.0,0.0,0.0,0.0,,0.0,
RANDOM_Size_10002_MinAct_3_Model_8,10002,0.0,0.0,0.0,0.0,0.0,0.0,0.0,,0.0,,,0.0,,0.0,0.0,,0.0,0.0,
RANDOM_Size_10002_MinAct_3_Model_9,10002,0.0,0.0,,,0.0,,0.0,,,0.0,,,0.0,,,,,0.0,
RANDOM_Size_10002_MinAct_5_MinTransProb_0.0001_Model_1,,,,,,,,,,,,,,,,,,,,
RANDOM_Size_10002_MinAct_5_MinTransProb_0.0001_Model_10,,,,,,,,,,,,,,,,,,,,
RANDOM_Size_10002_MinAct_5_MinTransProb_0.0001_Model_11,,,,,,,,,,,,,,,,,,,,
RANDOM_Size_10002_MinAct_5_MinTransProb_0.0001_Model_12,,,,,,,,,,,,,,,,,,,,
RANDOM_Size_10002_MinAct_5_MinTransProb_0.0001_Model_13,,,,,,,,,,,,,,,,,,,,
RANDOM_Size_10002_MinAct_5_MinTransProb_0.0001_Model_14,,,,,,,,,,,,,,,,,,,,
RANDOM_Size_10002_MinAct_5_MinTransProb_0.0001_Model_15,,,,,,,,,,,,,,,,,,,,
RANDOM_Size_10002_MinAct_5_MinTransProb_0.0001_Model_16,,,,,,,,,,,,,,,,,,,,
RANDOM_Size_10002_MinAct_5_MinTransProb_0.0001_Model_17,,,,,,,,,,,,,,,,,,,,
RANDOM_Size_10002_MinAct_5_MinTransProb_0.0001_Model_18,,,,,,,,,,,,,,,,,,,,
RANDOM_Size_10002_MinAct_5_MinTransProb_0.0001_Model_19,,,,,,,,,,,,,,,,,,,,
RANDOM_Size_10002_MinAct_5_MinTransProb_0.0001_Model_2,,,,,,,,,,,,,,,,,,,,
RANDOM_Size_10002_MinAct_5_MinTransProb_0.0001_Model_20,,,,,,,,,,,,,,,,,,,,
RANDOM_Size_10002_MinAct_5_MinTransProb_0.0001_Model_3,,,,,,,,,,,,,,,,,,,,
RANDOM_Size_10002_MinAct_5_MinTransProb_0.0001_Model_4,,,,,,,,,,,,,,,,,,,,
RANDOM_Size_10002_MinAct_5_MinTransProb_0.0001_Model_5,,,,,,,,,,,,,,,,,,,,
RANDOM_Size_10002_MinAct_5_MinTransProb_0.0001_Model_6,,,,,,,,,,,,,,,,,,,,
RANDOM_Size_10002_MinAct_5_MinTransProb_0.0001_Model_7,,,,,,,,,,,,,,,,,,,,
RANDOM_Size_10002_MinAct_5_MinTransProb_0.0001_Model_8,,,,,,,,,,,,,,,,,,,,
RANDOM_Size_10002_MinAct_5_MinTransProb_0.0001_Model_9,,,,,,,,,,,,,,,,,,,,
RANDOM_Size_10002_MinAct_5_MinTransProb_0.01_Model_1,,,,,,,,,,,,,,,,,,,,
RANDOM_Size_10002_MinAct_5_MinTransProb_0.01_Model_10,,,,,,,,,,,,,,,,,,,,
RANDOM_Size_10002_MinAct_5_MinTransProb_0.01_Model_11,,,,,,,,,,,,,,,,,,,,
RANDOM_Size_10002_MinAct_5_MinTransProb_0.01_Model_12,,,,,,,,,,,,,,,,,,,,
RANDOM_Size_10002_MinAct_5_MinTransProb_0.01_Model_13,,,,,,,,,,,,,,,,,,,,
RANDOM_Size_10002_MinAct_5_MinTransProb_0.01_Model_14,,,,,,,,,,,,,,,,,,,,
RANDOM_Size_10002_MinAct_5_MinTransProb_0.01_Model_15,,,,,,,,,,,,,,,,,,,,
RANDOM_Size_10002_MinAct_5_MinTransProb_0.01_Model_16,,,,,,,,,,,,,,,,,,,,
RANDOM_Size_10002_MinAct_5_MinTransProb_0.01_Model_17,,,,,,,,,,,,,,,,,,,,
RANDOM_Size_10002_MinAct_5_MinTransProb_0.01_Model_18,,,,,,,,,,,,,,,,,,,,
RANDOM_Size_10002_MinAct_5_MinTransProb_0.01_Model_19,,,,,,,,,,,,,,,,,,,,
RANDOM_Size_10002_MinAct_5_MinTransProb_0.01_Model_2,,,,,,,,,,,,,,,,,,,0.738,
RANDOM_Size_10002_MinAct_5_MinTransProb_0.01_Model_20,,,,,,,,,,,,,,,,,,,0.0,
RANDOM_Size_10002_MinAct_5_MinTransProb_0.01_Model_3,,,,,,,,,,,,,,,,,,,,
RANDOM_Size_10002_MinAct_5_MinTransProb_0.01_Model_4,,,,,,,,,,,,,,,,,,,0.9000000000000001,
RANDOM_Size_10002_MinAct_5_MinTransProb_0.01_Model_5,,,,,,,,,,,,,,,,,,,,
RANDOM_Size_10002_MinAct_5_MinTransProb_0.01_Model_6,,,,,,,,,,,,,,,,,,,0.9000000000000002,
RANDOM_Size_10002_MinAct_5_MinTransProb_0.01_Model_7,,,,,,,,,,,,,,,,,,,0.0,
RANDOM_Size_10002_MinAct_5_MinTransProb_0.01_Model_8,,,,,,,,,,,,,,,,,,,,
RANDOM_Size_10002_MinAct_5_MinTransProb_0.01_Model_9,,,,,,,,,,,,,,,,,,,,
RANDOM_Size_10002_MinAct_5_Model_1,,,,,,,,,,,,,,,,,,,,
RANDOM_Size_10002_MinAct_5_Model_10,,,,,,,,,,,,,,,,,,,0.0,
RANDOM_Size_10002_MinAct_5_Model_11,,,,,,,,,,,,,,,,,,,,
RANDOM_Size_10002_MinAct_5_Model_12,,,,,,,,,,,,,,,,,,,,
RANDOM_Size_10002_MinAct_5_Model_13,,,,,,,,,,,,,,,,,,,,
RANDOM_Size_10002_MinAct_5_Model_14,,,,,,,,,,,,,,,,,,,0.0,
RANDOM_Size_10002_MinAct_5_Model_15,,,,,,,,,,,,,,,,,,,0.0,
RANDOM_Size_10002_MinAct_5_Model_16,,,,,,,,,,,,,,,,,,,,
RANDOM_Size_10002_MinAct_5_Model_17,,,,,,,,,,,,,,,,,,,0.9,
RANDOM_Size_10002_MinAct_5_Model_18,,,,,,,,,,,,,,,,,,,0.9,
RANDOM_Size_10002_MinAct_5_Model_19,,,,,,,,,,,,,,,,,,,,
RANDOM_Size_10002_MinAct_5_Model_2,,,,,,,,,,,,,,,,,,,0.0,
RANDOM_Size_10002_MinAct_5_Model_20,,,,,,,,,,,,,,,,,,,0.0,
RANDOM_Size_10002_MinAct_5_Model_3,,,,,,,,,,,,,,,,,,,,
RANDOM_Size_10002_MinAct_5_Model_4,,,,,,,,,,,,,,,,,,,,
RANDOM_Size_10002_MinAct_5_Model_5,,,,,,,,,,,,,,,,,,,0.0,
RANDOM_Size_10002_MinAct_5_Model_6,,,,,,,,,,,,,,,,,,,0.0,
RANDOM_Size_10002_MinAct_5_Model_7,,,,,,,,,,,,,,,,,,,0.0,
RANDOM_Size_10002_MinAct_5_Model_8,,,,,,,,,,,,,,,,,,,0.0,
RANDOM_Size_10002_MinAct_5_Model_9,,,,,,,,,,,,,,,,,,,0.9,
RANDOM_Size_10002_MinTransProb_0.0001_Model_1,10002,0.0,,,0.0,,,0.0,0.0,0.0,,,0.0,0.0,0.0,0.0,0.0,,0.0,
RANDOM_Size_10002_MinTransProb_0.0001_Model_10,10002,0.0,0.0,0.0,0.0,0.0,0.0,0.0,0.0,0.0,0.0,,,0.0,0.0,0.0,,,0.0,
RANDOM_Size_10002_MinTransProb_0.0001_Model_11,10002,0.0,,,0.0,,0.0,0.0,0.0,,0.0,0.0,0.0,,0.0,0.0,0.0,0.0,0.0,
RANDOM_Size_10002_MinTransProb_0.0001_Model_12,10002,,,,0.0,,0.0,,,,,,0.0,,,0.0,,0.0,0.0,
RANDOM_Size_10002_MinTransProb_0.0001_Model_13,10002,0.0,0.0,0.0,0.0,0.0,0.0,0.0,0.0,,0.0,0.0,0.0,0.0,0.0,0.0,0.0,0.0,0.0,0.0
RANDOM_Size_10002_MinTransProb_0.0001_Model_14,10002,,,,,,,,,,,,,,,0.8768042405679075,,,0.876704773940169,
RANDOM_Size_10002_MinTransProb_0.0001_Model_15,10002,0.0,,,0.0,0.0,0.0,0.0,0.0,,,,,,,0.0,,,0.0,
RANDOM_Size_10002_MinTransProb_0.0001_Model_16,10002,,,0.9,,0.9000000000000001,0.9,0.9000000000000001,0.9000000000000001,0.7074127224959003,,,,,,0.9000000000000001,,0.9000000000000001,0.9000000000000001,0.9
RANDOM_Size_10002_MinTransProb_0.0001_Model_17,10002,,,0.0,,0.0,,,0.0,,,,,,0.0,0.0,,,0.0,
RANDOM_Size_10002_MinTransProb_0.0001_Model_18,10002,0.0,0.0,0.0,0.0,0.0,,,0.0,,,,,0.0,0.0,0.0,,,0.0,
RANDOM_Size_10002_MinTransProb_0.0001_Model_19,10002,0.0,,,,0.0,,,,,,,,,,,,,0.0,
RANDOM_Size_10002_MinTransProb_0.0001_Model_2,10002,0.0,0.0,,0.0,0.0,0.0,0.0,0.0,,0.0,,,0.0,0.0,0.0,0.0,,0.0,0.0
RANDOM_Size_10002_MinTransProb_0.0001_Model_20,,,,,,0.007285829349144399,,,0.007285829349144399,,,,,0.007285829349144399,,0.007285829349144398,,,0.00728582934909198,
RANDOM_Size_10002_MinTransProb_0.0001_Model_3,10002,0.0,0.0,0.0,0.0,0.0,,0.0,0.0,0.0,0.0,,,0.0,0.0,0.0,0.0,,0.0,
RANDOM_Size_10002_MinTransProb_0.0001_Model_4,10002,,,,,0.3681106007052959,,,,,,,,,,0.3681106431715095,,,0.3680437983523214,
RANDOM_Size_10002_MinTransProb_0.0001_Model_5,9998,0.0,0.0,0.0,0.0,0.0,,0.0,0.0,,0.0,,0.0,0.0,0.0,0.0,0.0,0.0,0.0,0.0
RANDOM_Size_10002_MinTransProb_0.0001_Model_6,10001,0.0,0.0,0.0,0.0,0.0,0.0,0.0,0.0,0.0,0.0,0.0,0.0,0.0,0.0,0.0,0.0,0.0,0.0,0.0
RANDOM_Size_10002_MinTransProb_0.0001_Model_7,10000,0.0,0.0,0.0,0.0,0.0,0.0,0.0,0.0,0.0,0.0,0.0,0.0,0.0,0.0,0.0,0.0,0.0,0.0,0.0
RANDOM_Size_10002_MinTransProb_0.0001_Model_8,10002,0.0,0.0,0.0,0.0,0.0,0.0,0.0,0.0,0.0,0.0,,0.0,0.0,0.0,0.0,0.0,0.0,0.0,0.0
RANDOM_Size_10002_MinTransProb_0.0001_Model_9,10002,0.0,0.0,0.0,0.0,0.0,0.0,0.0,0.0,,0.0,,0.0,0.0,0.0,0.0,0.0,0.0,0.0,
RANDOM_Size_10002_MinTransProb_0.01_Model_1,,,,,0.0,0.0,0.0,0.0,0.0,,0.0,,,0.0,0.0,0.0,0.0,0.0,0.0,
RANDOM_Size_10002_MinTransProb_0.01_Model_10,10002,0.9000000000000004,,0.9,0.9000000000000005,0.9000000000000001,0.9,0.9000000000000001,,0.6389604900000001,,,0.0,,,,,0.9,0.9000000000000001,0.9
RANDOM_Size_10002_MinTransProb_0.01_Model_11,,,,0.0,0.0,,,0.0,,,,,,0.0,,0.0,0.0,0.0,0.0,
RANDOM_Size_10002_MinTransProb_0.01_Model_12,10002,0.0,0.0,0.0,0.0,0.0,,0.0,,,,,,0.0,0.0,0.0,0.0,0.0,0.0,
RANDOM_Size_10002_MinTransProb_0.01_Model_13,10002,0.9,,0.666,0.9,,,0.9,,0.666,,,,,,,,,0.9,
RANDOM_Size_10002_MinTransProb_0.01_Model_14,10002,0.0,0.0,,0.0,,0.0,0.0,,0.0,,,,,,0.0,,,0.0,
RANDOM_Size_10002_MinTransProb_0.01_Model_15,10002,0.0,,,0.0,,,0.0,,0.0,,,,0.0,0.0,0.0,0.0,,0.0,
RANDOM_Size_10002_MinTransProb_0.01_Model_16,10002,0.0,0.0,0.0,0.0,0.0,0.0,0.0,,0.0,,,,,,,,,0.0,
RANDOM_Size_10002_MinTransProb_0.01_Model_17,,,,0.0,0.0,,0.0,0.0,,,,,,0.0,0.0,0.0,0.0,0.0,0.0,
RANDOM_Size_10002_MinTransProb_0.01_Model_18,10002,0.0,,,0.0,0.0,,,0.0,,0.0,,,0.0,0.0,0.0,0.0,,0.0,0.0
RANDOM_Size_10002_MinTransProb_0.01_Model_19,10002,0.0,0.0,0.0,0.0,0.0,,0.0,,,,,0.0,0.0,0.0,0.0,0.0,0.0,0.0,
RANDOM_Size_10002_MinTransProb_0.01_Model_2,10002,0.04732003039092479,,0.04732003039092479,0.04732003039092479,0.04732003039092479,0.5670000000000001,0.04732003039092479,0.04732003039092479,0.441,,,0.0,,0.04732003039092479,0.04732003039092479,,0.441,0.04732003039092479,0.04732003039092479
RANDOM_Size_10002_MinTransProb_0.01_Model_20,10002,0.0,,,0.0,,0.0,0.0,,,,,,,,,,,0.0,
RANDOM_Size_10002_MinTransProb_0.01_Model_3,10002,0.0,0.0,0.0,0.0,0.0,0.0,0.0,0.0,0.0,0.0,0.0,0.0,0.0,0.0,0.0,0.0,0.0,0.0,0.0
RANDOM_Size_10002_MinTransProb_0.01_Model_4,10002,0.0,,0.0,0.0,,0.0,0.0,,0.0,0.0,,0.0,0.0,0.0,0.0,0.0,0.0,0.0,
RANDOM_Size_10002_MinTransProb_0.01_Model_5,10002,0.0,0.0,0.0,0.0,0.0,0.0,0.0,0.0,0.0,,,0.0,,0.0,0.0,,0.0,0.0,0.0
RANDOM_Size_10002_MinTransProb_0.01_Model_6,10002,0.0,,0.0,0.0,0.0,,0.0,,,,,0.0,0.0,0.0,0.0,0.0,0.0,0.0,0.0
RANDOM_Size_10002_MinTransProb_0.01_Model_7,10002,0.0,0.0,0.0,,0.0,,0.0,0.0,,0.0,,0.0,0.0,0.0,0.0,,0.0,0.0,
RANDOM_Size_10002_MinTransProb_0.01_Model_8,10002,0.9,,,,,0.9,0.9,0.9,,,,0.0,,0.9,0.9,,,0.9,
RANDOM_Size_10002_MinTransProb_0.01_Model_9,10002,,,,,0.06964551310071597,,0.06964551310184992,0.06964551310184992,,,,,,,0.06964551309067978,,,0.0696454934961939,0.0696452872982588
RANDOM_Size_10002_Model_1,10002,0.0,0.0,0.0,0.0,0.0,0.0,0.0,0.0,0.0,0.0,0.0,0.0,0.0,0.0,0.0,0.0,0.0,0.0,0.0
RANDOM_Size_10002_Model_10,10002,0.0,0.0,0.0,0.0,0.0,0.0,0.0,0.0,0.0,,0.0,0.0,0.0,0.0,0.0,0.0,0.0,0.0,
RANDOM_Size_10002_Model_11,10002,0.0,0.0,,0.0,0.0,0.0,0.0,0.0,0.0,0.0,0.0,0.0,0.0,0.0,0.0,0.0,0.0,0.0,
RANDOM_Size_10002_Model_12,10002,0.0,0.0,,0.0,0.0,0.0,0.0,0.0,0.0,0.0,0.0,0.0,0.0,0.0,0.0,0.0,0.0,0.0,0.0
RANDOM_Size_10002_Model_13,9997,0.45,0.45,0.45,0.45,0.45,0.45,0.45,0.45,0.45,,,0.0,,0.45,0.45,,0.45,0.45,0.45
RANDOM_Size_10002_Model_14,9998,0.0,0.0,,0.0,0.0,0.0,0.0,0.0,0.0,0.0,0.0,0.0,0.0,0.0,0.0,0.0,0.0,0.0,
RANDOM_Size_10002_Model_15,10002,0.0,0.0,0.0,0.0,0.0,0.0,0.0,0.0,0.0,0.0,0.0,0.0,0.0,0.0,0.0,0.0,0.0,0.0,
RANDOM_Size_10002_Model_16,10002,0.0,0.0,0.0,0.0,0.0,0.0,0.0,0.0,0.0,0.0,0.0,0.0,0.0,0.0,0.0,0.0,0.0,0.0,0.0
RANDOM_Size_10002_Model_17,10002,0.0,0.0,0.0,0.0,0.0,0.0,0.0,0.0,0.0,0.0,0.0,0.0,0.0,0.0,0.0,0.0,0.0,0.0,0.0
RANDOM_Size_10002_Model_18,10002,0.0,0.0,0.0,0.0,0.0,0.0,0.0,0.0,0.0,,0.0,,0.0,0.0,0.0,,,0.0,0.0
RANDOM_Size_10002_Model_19,10002,0.0,0.0,0.0,0.0,0.0,0.0,0.0,0.0,0.0,0.0,0.0,0.0,0.0,0.0,0.0,0.0,0.0,0.0,0.0
RANDOM_Size_10002_Model_2,10002,0.0,0.0,0.0,0.0,0.0,0.0,0.0,0.0,0.0,0.0,0.0,0.0,0.0,0.0,0.0,0.0,0.0,0.0,0.0
RANDOM_Size_10002_Model_20,10002,0.0,0.0,0.0,0.0,0.0,0.0,0.0,0.0,0.0,0.0,0.0,0.0,0.0,0.0,0.0,0.0,0.0,0.0,
RANDOM_Size_10002_Model_3,10002,0.0,0.0,0.0,0.0,0.0,0.0,0.0,0.0,0.0,0.0,,0.0,0.0,0.0,0.0,0.0,0.0,0.0,
RANDOM_Size_10002_Model_4,10002,0.0,0.0,0.0,0.0,0.0,0.0,0.0,0.0,0.0,0.0,0.0,0.0,0.0,0.0,0.0,0.0,0.0,0.0,0.0
RANDOM_Size_10002_Model_5,10002,0.0,0.0,0.0,0.0,0.0,0.0,0.0,0.0,0.0,0.0,0.0,0.0,0.0,0.0,0.0,0.0,0.0,0.0,0.0
RANDOM_Size_10002_Model_6,10002,0.0,0.0,0.0,0.0,0.0,0.0,0.0,0.0,0.0,0.0,0.0,0.0,0.0,0.0,0.0,0.0,0.0,0.0,0.0
RANDOM_Size_10002_Model_7,10002,0.0,0.0,0.0,0.0,0.0,0.0,0.0,0.0,0.0,0.0,0.0,0.0,0.0,0.0,0.0,0.0,0.0,0.0,0.0
RANDOM_Size_10002_Model_8,10002,0.0,0.0,0.0,0.0,0.0,0.0,0.0,0.0,0.0,0.0,0.0,0.0,0.0,0.0,0.0,0.0,0.0,0.0,0.0
RANDOM_Size_10002_Model_9,9989,0.0,0.0,0.0,0.0,0.0,0.0,0.0,0.0,0.0,0.0,0.0,0.0,0.0,0.0,0.0,0.0,0.0,0.0,
RANDOM_Size_1002_MinAct_100_MinTransProb_0.0001_Model_1,1002,0.0,0.0,0.0,0.0,0.0,0.0,0.0,0.0,0.0,,0.0,0.0,0.0,,0.0,0.0,,0.0,0.0
RANDOM_Size_1002_MinAct_100_MinTransProb_0.0001_Model_10,1002,0.9000000000000499,,0.9,0.9000000000000721,0.9000000000000002,0.9,0.9000000000000002,0.9000000000000002,0.9,0.899999999999999,0.899999999999999,0.0,0.8999999999999995,0.90000000000005,0.9000000000000004,0.9000000000000002,0.9,0.9000000000000002,0.9
RANDOM_Size_1002_MinAct_100_MinTransProb_0.0001_Model_11,1002,0.0,0.0,0.0,0.0,0.0,0.0,0.0,0.0,0.0,0.0,0.0,0.0,0.0,0.0,0.0,,0.0,0.0,0.0
RANDOM_Size_1002_MinAct_100_MinTransProb_0.0001_Model_12,1002,0.9000000000000545,,0.9,0.9000000000000786,0.9000000000000002,0.9,0.9000000000000002,0.9000000000000002,0.9,0.8999999999999991,0.8999999999999991,0.0,0.8999999999999975,,,,0.9000000000000001,0.9000000000000002,0.9000000000000001
RANDOM_Size_1002_MinAct_100_MinTransProb_0.0001_Model_13,1002,0.0,0.0,0.0,0.0,0.0,0.0,0.0,0.0,0.0,0.0,0.0,0.0,0.0,0.0,0.0,,0.0,0.0,0.0
RANDOM_Size_1002_MinAct_100_MinTransProb_0.0001_Model_14,1002,0.0,0.0,0.0,0.0,0.0,0.0,0.0,0.0,0.0,0.0,0.0,0.0,0.0,0.0,0.0,,0.0,0.0,0.0
RANDOM_Size_1002_MinAct_100_MinTransProb_0.0001_Model_15,1002,,,0.9,,0.9000000000000001,0.9,0.9000000000000001,0.9000000000000001,0.9,,0.8999999999999999,0.0,0.8999999999999999,,0.9000000000000005,,0.9000000000000001,0.9000000000000001,0.9000000000000001
RANDOM_Size_1002_MinAct_100_MinTransProb_0.0001_Model_16,1002,0.0,0.0,0.0,0.0,0.0,0.0,0.0,0.0,0.0,0.0,0.0,0.0,0.0,0.0,0.0,,0.0,0.0,0.0
RANDOM_Size_1002_MinAct_100_MinTransProb_0.0001_Model_17,1002,0.0,0.0,0.0,0.0,0.0,0.0,0.0,0.0,0.0,,0.0,0.0,0.0,,0.0,0.0,0.0,0.0,0.0
RANDOM_Size_1002_MinAct_100_MinTransProb_0.0001_Model_18,1002,0.9000000000000485,,0.9,0.9000000000000636,0.9000000000000002,0.9,0.9000000000000004,0.9000000000000004,0.9,0.8999999999999997,0.8999999999999997,0.0,0.8999999999999997,,0.9000000000000006,,0.9000000000000002,0.9000000000000004,0.9000000000000001
RANDOM_Size_1002_MinAct_100_MinTransProb_0.0001_Model_19,1002,0.9000000000000551,,0.8908397991403383,0.9000000000000761,0.9000000000000004,0.9,0.9000000000000004,0.9000000000000004,0.9,0.9000000000000001,0.9000000000000001,0.0,0.9000000000000001,0.9000000000000552,0.9000000000000005,,0.9000000000000001,0.9000000000000004,0.9000000000000001
RANDOM_Size_1002_MinAct_100_MinTransProb_0.0001_Model_2,1002,0.9000000000000588,,0.9,0.9000000000001003,0.9000000000000002,0.9,0.9000000000000002,0.9000000000000002,0.9,0.8999999999999999,0.8999999999999999,0.0,0.8999999999999999,0.900000000000059,0.9000000000000005,,0.9000000000000001,0.9000000000000002,0.9000000000000001
RANDOM_Size_1002_MinAct_100_MinTransProb_0.0001_Model_20,1002,0.0,0.0,0.0,0.0,0.0,0.0,0.0,0.0,0.0,0.0,0.0,0.0,0.0,0.0,0.0,0.0,0.0,0.0,0.0
RANDOM_Size_1002_MinAct_100_MinTransProb_0.0001_Model_3,1002,0.9000000000000243,,0.9,0.900000000000035,0.9000000000000002,0.9,0.9000000000000001,0.9000000000000001,0.9,0.9000000000000006,0.9000000000000006,0.0,0.9000000000000006,,,,0.9000000000000001,0.9000000000000002,0.9000000000000001
RANDOM_Size_1002_MinAct_100_MinTransProb_0.0001_Model_4,1002,0.9000000000000541,,0.9,0.900000000000082,0.9000000000000002,0.9,0.9000000000000002,0.9000000000000002,0.9,0.8999999999999905,0.8999999999999905,0.0,0.8999999999999895,0.9000000000000542,0.9000000000000004,,0.9000000000000001,0.9000000000000002,0.9000000000000001
RANDOM_Size_1002_MinAct_100_MinTransProb_0.0001_Model_5,1002,0.9000000000000529,,0.9,0.9000000000000713,0.9000000000000004,0.9,0.9000000000000002,0.9000000000000002,0.9,0.8999999999999986,0.8999999999999986,0.0,0.8999999999999986,,,,0.9000000000000001,0.9000000000000004,0.9000000000000001
RANDOM_Size_1002_MinAct_100_MinTransProb_0.0001_Model_6,1002,0.9000000000000222,,0.9,0.9000000000000288,0.9000000000000002,0.9,0.9000000000000002,0.9000000000000002,0.9,0.8999999999999915,0.8999999999999915,0.0,0.8999999999999915,,,,0.9000000000000002,0.9000000000000004,0.9000000000000001
RANDOM_Size_1002_MinAct_100_MinTransProb_0.0001_Model_7,1002,0.900000000000015,,0.9,0.9000000000000195,0.9000000000000005,0.9,0.9000000000000005,0.9000000000000005,0.9,0.8999999999999548,0.8999999999999548,0.0,0.8999999999999548,,,0.9,0.9000000000000002,0.9000000000000005,0.9
RANDOM_Size_1002_MinAct_100_MinTransProb_0.0001_Model_8,1002,0.0,0.0,0.0,0.0,0.0,0.0,0.0,0.0,0.0,0.0,0.0,0.0,0.0,0.0,0.0,0.0,0.0,0.0,0.0
RANDOM_Size_1002_MinAct_100_MinTransProb_0.0001_Model_9,1002,0.0,0.0,0.0,0.0,0.0,0.0,0.0,0.0,0.0,0.0,0.0,0.0,0.0,0.0,0.0,,0.0,0.0,0.0
RANDOM_Size_1002_MinAct_100_MinTransProb_0.01_Model_1,1002,0.9000000000000008,0.9000000000000008,0.9,0.9000000000000008,0.9000000000000006,0.9,0.9000000000000006,0.9000000000000006,0.9,0.9000000000000181,0.9000000000000181,0.0,0.9000000000000181,,,0.9,0.9000000000000005,0.9000000000000006,0.9000000000000001
RANDOM_Size_1002_MinAct_100_MinTransProb_0.01_Model_10,1002,0.0,0.0,0.0,0.0,0.0,0.0,0.0,0.0,0.0,,0.0,0.0,0.0,0.0,0.0,,0.0,0.0,0.0
RANDOM_Size_1002_MinAct_100_MinTransProb_0.01_Model_11,1002,0.9000000000000008,0.9000000000000008,0.9,0.9000000000000012,0.9000000000000005,0.9,0.9000000000000005,0.9000000000000005,0.9,0.8999999999999996,0.8999999999999996,0.0,0.8999999999999996,,,,0.9000000000000002,0.9000000000000006,0.9000000000000001
RANDOM_Size_1002_MinAct_100_MinTransProb_0.01_Model_12,1002,0.0,0.0,0.0,0.0,0.0,0.0,0.0,0.0,0.0,0.0,0.0,0.0,0.0,0.0,0.0,,0.0,0.0,0.0
RANDOM_Size_1002_MinAct_100_MinTransProb_0.01_Model_13,1002,0.9000000000000016,0.9000000000000055,0.9,0.9000000000000024,0.9000000000000002,0.792,0.9000000000000002,0.9000000000000002,0.792,0.9,0.9,,0.9,0.9000000000000018,0.9000000000000004,,0.9000000000000001,0.9000000000000002,0.9000000000000001
RANDOM_Size_1002_MinAct_100_MinTransProb_0.01_Model_14,1002,0.0,0.0,0.0,0.0,0.0,0.0,0.0,0.0,0.0,0.0,0.0,0.0,0.0,,,,0.0,0.0,0.0
RANDOM_Size_1002_MinAct_100_MinTransProb_0.01_Model_15,1002,0.0,0.0,0.0,0.0,0.0,0.0,0.0,0.0,0.0,0.0,0.0,0.0,0.0,0.0,0.0,0.0,0.0,0.0,0.0
RANDOM_Size_1002_MinAct_100_MinTransProb_0.01_Model_16,1002,0.9000000000000006,0.9000000000000119,0.9,0.9000000000000008,0.9000000000000004,0.9,0.9000000000000002,0.9000000000000002,0.9,0.8999999999999995,0.8999999999999995,0.0,0.8999999999999995,,,,0.9000000000000002,0.9000000000000002,0.9
RANDOM_Size_1002_MinAct_100_MinTransProb_0.01_Model_17,1002,0.9000000000000008,0.9000000000000064,0.9000000000000001,0.9000000000000011,0.9000000000000004,0.9000000000000001,0.9000000000000004,0.9000000000000004,0.9000000000000001,0.8999999999999894,0.8999999999999894,0.0,0.8999999999999955,0.900000000000001,0.9000000000000006,,0.9000000000000001,0.9000000000000004,0.9000000000000001
RANDOM_Size_1002_MinAct_100_MinTransProb_0.01_Model_18,1002,0.9000000000000006,0.9000000000000119,0.9,0.9000000000000007,0.9000000000000004,0.9,0.9000000000000004,0.9000000000000004,0.9,0.9000000000000193,0.9000000000000193,0.0,0.9000000000000193,,,0.9,0.9000000000000001,0.9000000000000004,0.9000000000000001
RANDOM_Size_1002_MinAct_100_MinTransProb_0.01_Model_19,1002,0.9000000000000008,0.9000000000000008,0.9,0.9000000000000008,0.9000000000000004,0.9,0.9000000000000002,0.9000000000000002,0.9,0.8999999999999999,0.8999999999999999,0.0,0.8999999999999999,0.9000000000000008,0.9000000000000004,,0.9000000000000001,0.9000000000000002,0.9000000000000001
RANDOM_Size_1002_MinAct_100_MinTransProb_0.01_Model_2,1002,0.0,0.0,0.0,0.0,0.0,0.0,0.0,0.0,0.0,0.0,0.0,0.0,0.0,0.0,0.0,,0.0,0.0,0.0
RANDOM_Size_1002_MinAct_100_MinTransProb_0.01_Model_20,1002,0.0,0.0,0.0,0.0,0.0,0.0,0.0,0.0,0.0,0.0,0.0,0.0,0.0,,,,0.0,0.0,0.0
RANDOM_Size_1002_MinAct_100_MinTransProb_0.01_Model_3,1002,0.9000000000000005,0.9000000000000119,0.9,0.9000000000000007,0.9000000000000004,0.9,0.9000000000000004,0.9000000000000004,0.9,0.8999999999999951,0.8999999999999951,0.0,0.8999999999999964,,,0.9000000000000001,0.9,0.9000000000000004,0.9
RANDOM_Size_1002_MinAct_100_MinTransProb_0.01_Model_4,1002,0.0,0.0,0.0,0.0,0.0,0.0,0.0,0.0,0.0,0.0,0.0,0.0,0.0,0.0,0.0,,0.0,0.0,0.0
RANDOM_Size_1002_MinAct_100_MinTransProb_0.01_Model_5,1002,0.0,0.0,0.0,0.0,0.0,0.0,0.0,0.0,0.0,0.0,0.0,0.0,0.0,0.0,0.0,,0.0,0.0,0.0
RANDOM_Size_1002_MinAct_100_MinTransProb_0.01_Model_6,1002,0.0,0.0,0.0,0.0,0.0,0.0,0.0,0.0,0.0,,0.0,0.0,0.0,0.0,0.0,,0.0,0.0,0.0
RANDOM_Size_1002_MinAct_100_MinTransProb_0.01_Model_7,1002,0.9000000000000008,0.9000000000000008,0.8999994565242732,0.9000000000000008,0.9000000000000004,0.9,0.9000000000000002,0.9000000000000002,0.9,0.9,0.9,0.0,0.9,0.9000000000000008,0.9000000000000004,,0.9000000000000001,0.9000000000000002,0.9000000000000001
RANDOM_Size_1002_MinAct_100_MinTransProb_0.01_Model_8,1002,0.9000000000000005,0.9000000000000119,0.9,0.9000000000000007,0.9000000000000004,0.9,0.9000000000000002,0.9000000000000002,0.9,0.8999999999999955,0.8999999999999955,0.0,0.8999999999999967,,,,0.9000000000000002,0.9000000000000002,0.9000000000000001
RANDOM_Size_1002_MinAct_100_MinTransProb_0.01_Model_9,1002,0.0,0.0,0.0,0.0,0.0,0.0,0.0,0.0,0.0,0.0,0.0,0.0,0.0,0.0,0.0,,0.0,0.0,0.0
RANDOM_Size_1002_MinAct_100_Model_1,1002,0.9,0.9,0.8999999999999999,0.9,0.9,0.8999999999999999,0.9,0.9,0.8999999999999999,0.8999999999999999,0.8999999999999999,0.0,0.8999999999999999,0.9,0.9,0.9,0.8999999999999999,0.9,0.9
RANDOM_Size_1002_MinAct_100_Model_10,1002,0.0,0.0,0.0,0.0,0.0,0.0,0.0,0.0,0.0,0.0,0.0,0.0,0.0,0.0,0.0,0.0,0.0,0.0,0.0
RANDOM_Size_1002_MinAct_100_Model_11,1002,0.9,0.9,0.9,0.9,0.9,0.9,0.9,0.9,0.9,0.8999999999999999,0.8999999999999999,0.0,0.8999999999999999,0.9,0.9,0.9,0.9,0.9,0.9
RANDOM_Size_1002_MinAct_100_Model_12,1002,0.9,0.9,0.9,0.9,0.9,0.9,0.9,0.9,0.9,0.8999999999999997,0.8999999999999997,0.0,0.8999999999999997,0.9,0.9,0.9,0.9,0.9,0.9
RANDOM_Size_1002_MinAct_100_Model_13,1002,0.9,0.9,0.9,0.9,0.9,0.9,0.9,0.9,0.9,0.9000000000000015,0.9000000000000015,0.0,0.9000000000000015,0.9,0.9,0.9,0.9,0.9,0.9
RANDOM_Size_1002_MinAct_100_Model_14,1002,0.0,0.0,0.0,0.0,0.0,0.0,0.0,0.0,0.0,0.0,0.0,0.0,0.0,0.0,0.0,0.0,0.0,0.0,0.0
RANDOM_Size_1002_MinAct_100_Model_15,1002,0.9,0.9,0.9,0.9,0.9,0.9,0.9,0.9,0.9,0.8999999999999995,0.8999999999999995,0.0,0.8999999999999995,0.9,0.9,0.9,0.9,0.9,0.9
RANDOM_Size_1002_MinAct_100_Model_16,1002,0.9,0.9,0.9,0.9,0.9,0.9,0.9,0.9,0.9,0.899999999999999,0.899999999999999,0.0,0.899999999999999,0.9,0.9,0.9,0.9,0.9,0.9
RANDOM_Size_1002_MinAct_100_Model_17,1002,0.9,0.9,0.9,0.9,0.9,0.9,0.9,0.9,0.9,0.8999999999999987,0.8999999999999987,0.0,0.8999999999999987,0.9,0.9,0.9,0.9,0.9,0.9
RANDOM_Size_1002_MinAct_100_Model_18,1002,0.0,0.0,0.0,0.0,0.0,0.0,0.0,0.0,0.0,0.0,0.0,0.0,0.0,0.0,0.0,0.0,0.0,0.0,0.0
RANDOM_Size_1002_MinAct_100_Model_19,1002,0.9,0.9,0.9,0.9,0.9,0.9,0.9,0.9,0.9,0.8999999999999998,0.8999999999999998,0.0,0.8999999999999998,0.9,0.9,0.9,0.9,0.9,0.9
RANDOM_Size_1002_MinAct_100_Model_2,1002,0.0,0.0,0.0,0.0,0.0,0.0,0.0,0.0,0.0,0.0,0.0,0.0,0.0,0.0,0.0,0.0,0.0,0.0,0.0
RANDOM_Size_1002_MinAct_100_Model_20,1002,0.0,0.0,0.0,0.0,0.0,0.0,0.0,0.0,0.0,0.0,0.0,0.0,0.0,0.0,0.0,0.0,0.0,0.0,0.0
RANDOM_Size_1002_MinAct_100_Model_3,1002,0.9,0.9,0.9,0.9,0.9,0.9,0.9,0.9,0.9,0.8999999999999991,0.8999999999999991,0.0,0.8999999999999991,0.9,0.9,0.9,0.9,0.9,0.9
RANDOM_Size_1002_MinAct_100_Model_4,1002,0.9,0.9,0.9,0.9,0.9,0.9,0.9,0.9,0.9,0.8999999999999873,0.8999999999999873,0.0,0.8999999999999873,0.9,0.9,0.9,0.9,0.9,0.9
RANDOM_Size_1002_MinAct_100_Model_5,1002,0.0,0.0,0.0,0.0,0.0,0.0,0.0,0.0,0.0,0.0,0.0,0.0,0.0,0.0,0.0,0.0,0.0,0.0,0.0
RANDOM_Size_1002_MinAct_100_Model_6,1002,0.9,0.9,0.9,0.9,0.9,0.9,0.9,0.9,0.9,0.8999999999999999,0.8999999999999999,0.0,0.9,0.9,0.9,0.9,0.9,0.9,0.9
RANDOM_Size_1002_MinAct_100_Model_7,1002,0.0,0.0,0.0,0.0,0.0,0.0,0.0,0.0,0.0,0.0,0.0,0.0,0.0,0.0,0.0,0.0,0.0,0.0,0.0
RANDOM_Size_1002_MinAct_100_Model_8,1002,0.0,0.0,0.0,0.0,0.0,0.0,0.0,0.0,0.0,0.0,0.0,0.0,0.0,0.0,0.0,0.0,0.0,0.0,0.0
RANDOM_Size_1002_MinAct_100_Model_9,1002,0.0,0.0,0.0,0.0,0.0,0.0,0.0,0.0,0.0,0.0,0.0,0.0,0.0,0.0,0.0,0.0,0.0,0.0,0.0
RANDOM_Size_1002_MinAct_3_MinTransProb_0.0001_Model_1,1002,0.7100822648178,0.7100822648178,0.7100822648178,0.7100822717373008,0.710082272166265,0.7100822648178441,0.7100822721735963,0.7100822721735963,0.7100822648178,0.7100822721736619,0.7100822721736619,0.0,0.7100822721736619,0.7100822721736618,0.7100822721736618,0.7100822721736619,0.7100822717405652,0.7100822721735963,0.7100822648178
RANDOM_Size_1002_MinAct_3_MinTransProb_0.0001_Model_10,1002,0.0,0.0,0.0,0.0,0.0,0.0,0.0,0.0,0.0,0.0,0.0,0.0,0.0,,,0.0,0.0,0.0,0.0
RANDOM_Size_1002_MinAct_3_MinTransProb_0.0001_Model_11,1002,0.9,0.9,0.9,0.9,0.9,0.9,0.9,0.9,0.9,,,0.0,0.9,0.9,0.9,0.9,0.9,0.9,0.9
RANDOM_Size_1002_MinAct_3_MinTransProb_0.0001_Model_12,1002,,,0.76779,0.76779,0.76779,0.76779,0.76779,0.76779,0.76779,,0.7677899999999991,0.0,0.7677899999999991,0.76779,0.76779,0.76779,0.76779,0.76779,0.76779
RANDOM_Size_1002_MinAct_3_MinTransProb_0.0001_Model_13,1002,0.6282143128831987,0.6282143276657448,0.6282143047343335,0.6282143250765649,0.6282143271671781,0.6282143047243053,0.628214304720442,0.628214304720442,0.6282126406005588,0.6282143276657446,0.6282143276657446,0.0,0.6282143276657446,0.6282143274409737,0.6282143276614792,,0.6282126415101916,0.6282143128831987,0.6282134031875704
RANDOM_Size_1002_MinAct_3_MinTransProb_0.0001_Model_14,1002,0.9000000000000001,0.9000000000000001,0.9,0.9000000000000001,0.9000000000000001,0.9,0.9000000000000001,0.9000000000000001,0.79722,0.8999999999999997,0.8999999999999997,0.0,0.8999999999999997,,,0.9,0.9000000000000001,0.9000000000000001,0.9
RANDOM_Size_1002_MinAct_3_MinTransProb_0.0001_Model_15,1001,0.9,0.9,0.9,0.9,0.9,0.9,0.9,0.9,0.9,0.899999999999999,0.899999999999999,0.0,0.899999999999999,0.9,0.9,0.9,0.9,0.9,0.9
RANDOM_Size_1002_MinAct_3_MinTransProb_0.0001_Model_16,1002,0.0,0.0,0.0,0.0,0.0,0.0,0.0,0.0,0.0,0.0,0.0,0.0,0.0,0.0,0.0,0.0,0.0,0.0,0.0
RANDOM_Size_1002_MinAct_3_MinTransProb_0.0001_Model_17,1002,0.9,0.9,0.8999999999999999,0.9,0.9,0.1400216284755,0.9,0.9,0.11015102338643619,0.8999999999999988,0.8999999999999994,0.0,0.8999999999999988,0.9,0.9,0.9,0.9,0.9,0.9
RANDOM_Size_1002_MinAct_3_MinTransProb_0.0001_Model_18,1002,0.0,0.0,0.0,0.0,0.0,0.0,0.0,0.0,0.0,0.0,0.0,0.0,0.0,0.0,0.0,0.0,0.0,0.0,0.0
RANDOM_Size_1002_MinAct_3_MinTransProb_0.0001_Model_19,1002,0.0,0.0,0.0,0.0,0.0,0.0,0.0,0.0,0.0,0.0,0.0,0.0,0.0,0.0,0.0,0.0,0.0,0.0,0.0
RANDOM_Size_1002_MinAct_3_MinTransProb_0.0001_Model_2,1002,0.0,0.0,0.0,0.0,0.0,0.0,0.0,0.0,0.0,0.0,0.0,0.0,0.0,0.0,0.0,0.0,0.0,0.0,0.0
RANDOM_Size_1002_MinAct_3_MinTransProb_0.0001_Model_20,1002,0.7957978675903863,0.7957988218372823,0.7957940327523987,0.7957979791222186,0.7957988218372822,0.795797229355974,0.7957988218372822,0.7957988218372822,0.795797229355974,0.7957988218372845,0.7957988218372815,0.0,0.7957988218372825,0.7957985011716677,0.7957988184099697,,0.7957988182126662,0.7957965882340972,0.7957978675903863
RANDOM_Size_1002_MinAct_3_MinTransProb_0.0001_Model_3,1002,0.0,0.0,0.0,0.0,0.0,0.0,0.0,0.0,0.0,0.0,0.0,0.0,0.0,0.0,0.0,0.0,0.0,0.0,0.0
RANDOM_Size_1002_MinAct_3_MinTransProb_0.0001_Model_4,1002,0.0,0.0,0.0,0.0,0.0,0.0,0.0,0.0,0.0,0.0,0.0,,0.0,0.0,0.0,0.0,,0.0,0.0
RANDOM_Size_1002_MinAct_3_MinTransProb_0.0001_Model_5,1002,0.0,0.0,0.0,0.0,0.0,0.0,0.0,0.0,0.0,0.0,0.0,0.0,0.0,0.0,0.0,0.0,0.0,0.0,0.0
RANDOM_Size_1002_MinAct_3_MinTransProb_0.0001_Model_6,1002,0.0,0.0,0.0,0.0,0.0,0.0,0.0,0.0,0.0,0.0,0.0,0.0,0.0,0.0,0.0,0.0,0.0,0.0,0.0
RANDOM_Size_1002_MinAct_3_MinTransProb_0.0001_Model_7,1002,0.9,0.9,0.9,0.9,0.9,0.9,0.9,0.9,0.9,0.8999999999999999,0.8999999999999999,0.0,0.8999999999999999,0.9,0.9,0.9,0.9,0.9,0.9
RANDOM_Size_1002_MinAct_3_MinTransProb_0.0001_Model_8,1002,0.9000000000000004,0.9000000000000004,0.9,0.9000000000000004,0.9000000000000001,0.8999992106686004,0.9000000000000001,0.9000000000000001,0.8999992106686004,0.8999999999999997,0.8999999999999997,0.0,0.8999999999999994,0.9000000000000004,0.9000000000000001,,0.8999994795220287,0.9000000000000001,0.9
RANDOM_Size_1002_MinAct_3_MinTransProb_0.0001_Model_9,1002,0.9,0.9,,0.9,0.9,,0.9,0.9,,0.8999999999999981,0.8999999999999981,,0.8999999999999981,0.9,0.9,0.9,,0.9,0.9
RANDOM_Size_1002_MinAct_3_MinTransProb_0.01_Model_1,1002,0.09000000000000001,0.09000000000000001,0.09000000000000001,0.09000000000000001,0.09000000000000001,0.09000000000000001,0.09000000000000001,0.09000000000000001,0.09000000000000001,,,0.0,0.09000000000000001,0.09000000000000001,0.09000000000000001,0.09000000000000001,0.09000000000000001,0.09000000000000001,0.09000000000000001
RANDOM_Size_1002_MinAct_3_MinTransProb_0.01_Model_10,1002,0.0,0.0,0.0,0.0,0.0,0.0,0.0,0.0,0.0,0.0,0.0,0.0,0.0,,,,0.0,0.0,0.0
RANDOM_Size_1002_MinAct_3_MinTransProb_0.01_Model_11,1002,0.5509876789944,0.5509877087645205,0.5509876875266161,0.5509876789944,0.5509877087645205,0.5509876789944,0.5509877087645205,0.5509877087645205,0.5509876789944,0.5509877087645205,0.5509877087645205,0.0,0.5509877087645205,0.5509877087645205,0.5509877087645205,0.5509877087645205,0.5509876875266161,0.5509877087645205,0.5509876789944
RANDOM_Size_1002_MinAct_3_MinTransProb_0.01_Model_12,1002,0.9,0.9,0.9,0.9,0.9,0.9,0.9,0.9,0.9,0.8999999999999999,0.8999999999999999,0.0,0.8999999999999999,0.9,0.9,0.9,0.9,0.9,0.9
RANDOM_Size_1002_MinAct_3_MinTransProb_0.01_Model_13,1002,0.0,0.0,0.0,0.0,0.0,0.0,0.0,0.0,0.0,0.0,0.0,0.0,0.0,0.0,0.0,0.0,0.0,0.0,0.0
RANDOM_Size_1002_MinAct_3_MinTransProb_0.01_Model_14,1002,0.0,0.0,0.0,0.0,0.0,0.0,0.0,0.0,0.0,0.0,0.0,,0.0,0.0,0.0,0.0,0.0,0.0,0.0
RANDOM_Size_1002_MinAct_3_MinTransProb_0.01_Model_15,1002,0.0,0.0,0.0,0.0,0.0,0.0,0.0,0.0,0.0,0.0,0.0,0.0,0.0,0.0,0.0,0.0,0.0,0.0,0.0
RANDOM_Size_1002_MinAct_3_MinTransProb_0.01_Model_16,1002,0.0,0.0,0.0,0.0,0.0,0.0,0.0,0.0,0.0,0.0,0.0,0.0,0.0,0.0,0.0,0.0,0.0,0.0,0.0
RANDOM_Size_1002_MinAct_3_MinTransProb_0.01_Model_17,1002,0.032400000000000005,0.032400000000000005,0.032400000000000005,0.032400000000000005,0.032400000000000005,0.032400000000000005,0.032400000000000005,0.032400000000000005,0.032400000000000005,0.032400000000000005,0.032400000000000005,0.0,0.032400000000000005,,,0.032400000000000005,0.032400000000000005,0.032400000000000005,0.032400000000000005
RANDOM_Size_1002_MinAct_3_MinTransProb_0.01_Model_18,1002,0.9,0.9,0.9,0.9,0.9,0.7155,0.9,0.9,0.7155,0.8999999999999697,0.8999999999999697,0.0,0.8999999999999697,0.9,0.9,0.9,0.9,0.9,0.9
RANDOM_Size_1002_MinAct_3_MinTransProb_0.01_Model_19,1002,0.9,0.9000000000000001,0.9,0.9,0.9000000000000001,0.9,0.9000000000000001,0.9000000000000001,0.9,0.8999999999999985,0.8999999999999985,0.0,0.8999999999999966,,,0.9,0.9000000000000001,0.9000000000000001,0.9
RANDOM_Size_1002_MinAct_3_MinTransProb_0.01_Model_2,1002,0.8100000000000002,0.8100000000000002,0.5490900000000001,0.8100000000000002,0.8100000000000002,0.5490900000000001,0.8100000000000002,0.8100000000000002,0.5490900000000001,0.809999999999999,0.809999999999999,,0.809999999999999,,,0.81,0.8100000000000002,0.8100000000000002,0.81
RANDOM_Size_1002_MinAct_3_MinTransProb_0.01_Model_20,1002,0.9,0.9000000000000002,0.9,0.9,0.9,0.7889302932111253,0.9,0.9,0.7867530001346531,0.9,0.9,0.0,0.9000000000000001,,,0.9,0.9,0.9,0.9
RANDOM_Size_1002_MinAct_3_MinTransProb_0.01_Model_3,1002,0.0,0.0,0.0,0.0,0.0,0.0,0.0,0.0,0.0,0.0,0.0,0.0,0.0,,,0.0,0.0,0.0,0.0
RANDOM_Size_1002_MinAct_3_MinTransProb_0.01_Model_4,1002,0.0,0.0,0.0,0.0,0.0,0.0,0.0,0.0,0.0,0.0,0.0,0.0,0.0,0.0,0.0,0.0,0.0,0.0,0.0
RANDOM_Size_1002_MinAct_3_MinTransProb_0.01_Model_5,1002,6.532831360619065E-4,6.53283141646489E-4,6.523923094771489E-4,6.53283138848531E-4,6.532829286688579E-4,6.529333592697888E-4,6.532828604171809E-4,6.532828604171809E-4,6.528253124378207E-4,6.532831416464891E-4,6.532831416464891E-4,0.0,6.532831416464891E-4,6.532831416432809E-4,,6.532831416464892E-4,,6.532783616329329E-4,6.522867387778194E-4
RANDOM_Size_1002_MinAct_3_MinTransProb_0.01_Model_6,1002,0.0,0.0,0.0,0.0,0.0,0.0,0.0,0.0,0.0,0.0,0.0,0.0,0.0,0.0,0.0,0.0,0.0,0.0,0.0
RANDOM_Size_1002_MinAct_3_MinTransProb_0.01_Model_7,1002,0.0,0.0,0.0,0.0,0.0,0.0,0.0,0.0,0.0,0.0,0.0,0.0,0.0,0.0,0.0,0.0,0.0,0.0,0.0
RANDOM_Size_1002_MinAct_3_MinTransProb_0.01_Model_8,1002,0.9,0.9000000000000001,0.9,0.9,0.9,0.9,0.9000000000000001,0.9000000000000001,0.9,0.8999999999999932,0.8999999999999932,0.0,0.9000000000000362,,,,0.9000000000000001,0.9000000000000001,0.9
RANDOM_Size_1002_MinAct_3_MinTransProb_0.01_Model_9,1002,0.03962482758620604,0.039624827586206904,0.039623494564091116,0.03962482758620417,0.039624827586206904,0.03851178742094885,0.039624827586206904,0.039624827586206904,0.038489704095664067,0.03962482758620667,0.03962482758620667,0.0,0.039624827586206834,0.03962482758620686,,0.03962482758620691,0.03878939935012454,0.03962480808796558,0.03962388762738488
RANDOM_Size_1002_MinAct_3_Model_1,1002,0.0,0.0,0.0,0.0,0.0,0.0,0.0,0.0,0.0,0.0,0.0,0.0,0.0,0.0,0.0,0.0,0.0,0.0,0.0
RANDOM_Size_1002_MinAct_3_Model_10,1002,0.0,0.0,0.0,0.0,0.0,0.0,0.0,0.0,0.0,0.0,0.0,,0.0,0.0,0.0,0.0,,0.0,0.0
RANDOM_Size_1002_MinAct_3_Model_11,1002,0.45,0.45,0.45,0.45,0.45,0.45,0.45,0.45,0.45,0.45,0.45,0.0,0.45,0.45,0.45,0.45,0.45,0.45,0.45
RANDOM_Size_1002_MinAct_3_Model_12,1002,0.0,0.0,0.0,0.0,0.0,0.0,0.0,0.0,0.0,0.0,0.0,0.0,0.0,0.0,0.0,0.0,0.0,0.0,0.0
RANDOM_Size_1002_MinAct_3_Model_13,1002,0.8999991416931152,0.8999991416931152,0.8999987661838532,0.8999991416931152,0.899999591692257,0.9,0.8999994385768533,0.8999994385768533,0.9,0.899999999999994,0.8999999999998941,0.0,0.8999999999999941,0.899999463558197,0.899999591692257,0.9,0.9,0.8999978542327881,0.8999991416931152
RANDOM_Size_1002_MinAct_3_Model_14,1000,0.9,0.9,,0.9,0.9,,0.9,0.9,,0.9000000000000017,0.9000000000000017,,0.9000000000000017,0.9,0.9,0.9,,0.9,0.9
RANDOM_Size_1002_MinAct_3_Model_15,1002,0.9,0.9,0.9,0.9,0.9,0.9,0.9,0.9,0.9,0.8999999999999992,0.8999999999999992,0.0,0.8999999999999992,0.9,0.9,0.9,0.9,0.9,0.9
RANDOM_Size_1002_MinAct_3_Model_16,1002,0.9,0.9,0.9,0.9,0.9,0.9,0.9,0.9,0.9,0.9000000000000001,0.9000000000000001,0.0,0.9000000000000001,0.9,0.9,0.9,0.9,0.9,0.9
RANDOM_Size_1002_MinAct_3_Model_17,1002,0.0,0.0,0.0,0.0,0.0,0.0,0.0,0.0,0.0,0.0,0.0,0.0,0.0,0.0,0.0,0.0,0.0,0.0,0.0
RANDOM_Size_1002_MinAct_3_Model_18,1002,0.0,0.0,0.0,0.0,0.0,0.0,0.0,0.0,0.0,0.0,0.0,0.0,0.0,0.0,0.0,0.0,0.0,0.0,0.0
RANDOM_Size_1002_MinAct_3_Model_19,1002,0.0,0.0,0.0,0.0,0.0,0.0,0.0,0.0,0.0,0.0,0.0,0.0,0.0,0.0,0.0,0.0,0.0,0.0,0.0
RANDOM_Size_1002_MinAct_3_Model_2,1002,0.0,0.0,0.0,0.0,0.0,0.0,0.0,0.0,0.0,0.0,0.0,0.0,0.0,0.0,0.0,0.0,0.0,0.0,0.0
RANDOM_Size_1002_MinAct_3_Model_20,1002,0.0,0.0,0.0,0.0,0.0,0.0,0.0,0.0,0.0,0.0,0.0,0.0,0.0,0.0,0.0,0.0,0.0,0.0,0.0
RANDOM_Size_1002_MinAct_3_Model_3,1002,0.0,0.0,0.0,0.0,0.0,0.0,0.0,0.0,0.0,0.0,0.0,,0.0,0.0,0.0,0.0,,0.0,0.0
RANDOM_Size_1002_MinAct_3_Model_4,1001,0.0,0.0,0.0,0.0,0.0,0.0,0.0,0.0,0.0,0.0,0.0,0.0,0.0,0.0,0.0,0.0,0.0,0.0,0.0
RANDOM_Size_1002_MinAct_3_Model_5,1002,0.0,0.0,0.0,0.0,0.0,0.0,0.0,0.0,0.0,0.0,,0.0,0.0,0.0,0.0,0.0,0.0,0.0,0.0
RANDOM_Size_1002_MinAct_3_Model_6,1002,0.0,0.0,0.0,0.0,0.0,0.0,0.0,0.0,0.0,0.0,0.0,0.0,0.0,0.0,0.0,0.0,0.0,0.0,0.0
RANDOM_Size_1002_MinAct_3_Model_7,1000,0.9,0.9,,0.9,0.9,,0.9,0.9,,0.8999999999999999,0.8999999999999999,,0.8999999999999999,0.9,0.9,0.9,,0.9,0.9
RANDOM_Size_1002_MinAct_3_Model_8,1002,0.0,0.0,0.0,0.0,0.0,0.0,0.0,0.0,0.0,0.0,0.0,0.0,0.0,0.0,0.0,0.0,0.0,0.0,0.0
RANDOM_Size_1002_MinAct_3_Model_9,1002,0.9,0.9,0.9,0.9,0.9,0.9,0.9,0.9,0.9,0.8999999999999999,0.8999999999999999,0.0,0.8999999999999999,0.9,0.9,0.9,0.0,0.9,0.9
RANDOM_Size_1002_MinAct_5_MinTransProb_0.0001_Model_1,1002,0.9,0.9,0.9,0.9,0.9,0.9,0.9,0.9,0.9,0.9,0.9,0.0,,0.9,0.9,0.9,0.9,0.9,0.9
RANDOM_Size_1002_MinAct_5_MinTransProb_0.0001_Model_10,1002,0.0,0.0,0.0,0.0,0.0,0.0,0.0,0.0,0.0,0.0,0.0,0.0,0.0,,,0.0,0.0,0.0,0.0
RANDOM_Size_1002_MinAct_5_MinTransProb_0.0001_Model_11,1002,0.9000000000000001,0.9000000000000001,0.9000000000000001,0.9000000000000001,0.9000000000000001,0.9000000000000001,0.9000000000000001,0.9000000000000001,0.9000000000000001,0.8999999999999998,0.8999999999999998,0.0,0.8999999999999998,0.9000000000000001,0.9000000000000001,0.9000000000000001,0.9000000000000001,0.9000000000000001,0.9
RANDOM_Size_1002_MinAct_5_MinTransProb_0.0001_Model_12,1002,0.0,0.0,0.0,0.0,0.0,0.0,0.0,0.0,0.0,0.0,,0.0,0.0,0.0,0.0,0.0,,0.0,0.0
RANDOM_Size_1002_MinAct_5_MinTransProb_0.0001_Model_13,1002,0.0,0.0,0.0,0.0,0.0,0.0,0.0,0.0,0.0,0.0,0.0,0.0,0.0,0.0,0.0,0.0,0.0,0.0,0.0
RANDOM_Size_1002_MinAct_5_MinTransProb_0.0001_Model_14,1002,0.0,0.0,0.0,0.0,0.0,0.0,0.0,0.0,0.0,0.0,0.0,0.0,0.0,0.0,0.0,0.0,0.0,0.0,0.0
RANDOM_Size_1002_MinAct_5_MinTransProb_0.0001_Model_15,1002,0.0,0.0,0.0,0.0,0.0,0.0,0.0,0.0,0.0,0.0,0.0,0.0,0.0,,,0.0,0.0,0.0,0.0
RANDOM_Size_1002_MinAct_5_MinTransProb_0.0001_Model_16,1002,0.9000000000000001,0.9000000000000009,0.9,0.9000000000000001,0.9,0.9,0.9,0.9,0.9,0.8999999999999999,0.8999999999999999,0.0,0.8999999999999999,,,0.9,0.9,0.9,0.9
RANDOM_Size_1002_MinAct_5_MinTransProb_0.0001_Model_17,1002,0.872753256,0.872753256,0.872753256,0.872753256,0.872753256,0.872753256,0.872753256,0.872753256,0.872753256,0.8727532560000014,0.8727532560000014,0.0,0.8727532560000014,0.872753256,0.872753256,0.872753256,0.872753256,0.872753256,0.872753256
RANDOM_Size_1002_MinAct_5_MinTransProb_0.0001_Model_18,1002,0.0,0.0,0.0,0.0,0.0,0.0,0.0,0.0,0.0,0.0,0.0,0.0,0.0,0.0,0.0,0.0,0.0,0.0,0.0
RANDOM_Size_1002_MinAct_5_MinTransProb_0.0001_Model_19,1002,0.0,0.0,0.0,0.0,0.0,0.0,0.0,0.0,0.0,0.0,0.0,0.0,0.0,0.0,0.0,0.0,0.0,0.0,0.0
RANDOM_Size_1002_MinAct_5_MinTransProb_0.0001_Model_2,1002,0.9000000000000006,0.9000000000000006,0.9,0.9000000000000006,0.9,0.9,0.9,0.9,0.890081388,0.8999999999999875,0.8999999999999875,0.0,0.8999999999999846,,,0.9,0.9,0.9,0.9
RANDOM_Size_1002_MinAct_5_MinTransProb_0.0001_Model_20,1002,0.9000000000000002,0.9000000000000004,0.9,0.9000000000000002,0.9000000000000001,0.9,0.9000000000000001,0.9000000000000001,0.9,0.8999999999999956,0.8999999999999956,0.0,0.8999999999999944,,,0.9,0.9,0.9000000000000001,0.9
RANDOM_Size_1002_MinAct_5_MinTransProb_0.0001_Model_3,1002,0.0,0.0,0.0,0.0,0.0,0.0,0.0,0.0,0.0,0.0,0.0,0.0,0.0,,,0.0,0.0,0.0,0.0
RANDOM_Size_1002_MinAct_5_MinTransProb_0.0001_Model_4,1002,0.0,0.0,0.0,0.0,0.0,0.0,0.0,0.0,0.0,0.0,0.0,0.0,0.0,,0.0,0.0,0.0,0.0,0.0
RANDOM_Size_1002_MinAct_5_MinTransProb_0.0001_Model_5,1002,0.0,0.0,0.0,0.0,0.0,0.0,0.0,0.0,0.0,0.0,0.0,0.0,0.0,0.0,0.0,0.0,0.0,0.0,0.0
RANDOM_Size_1002_MinAct_5_MinTransProb_0.0001_Model_6,1002,0.0,0.0,0.0,0.0,0.0,0.0,0.0,0.0,0.0,0.0,0.0,0.0,0.0,,,0.0,0.0,0.0,0.0
RANDOM_Size_1002_MinAct_5_MinTransProb_0.0001_Model_7,1002,0.0,0.0,0.0,0.0,0.0,0.0,0.0,0.0,0.0,0.0,0.0,0.0,0.0,,,0.0,0.0,0.0,0.0
RANDOM_Size_1002_MinAct_5_MinTransProb_0.0001_Model_8,1002,0.0,0.0,0.0,0.0,0.0,0.0,0.0,0.0,0.0,0.0,0.0,0.0,0.0,0.0,0.0,0.0,0.0,0.0,0.0
RANDOM_Size_1002_MinAct_5_MinTransProb_0.0001_Model_9,1002,0.0,0.0,0.0,0.0,0.0,0.0,0.0,0.0,0.0,0.0,0.0,0.0,0.0,0.0,0.0,0.0,0.0,0.0,0.0
RANDOM_Size_1002_MinAct_5_MinTransProb_0.01_Model_1,1002,0.0,0.0,0.0,0.0,0.0,0.0,0.0,0.0,0.0,0.0,0.0,0.0,0.0,0.0,0.0,0.0,0.0,0.0,0.0
RANDOM_Size_1002_MinAct_5_MinTransProb_0.01_Model_10,1002,0.9,0.9,0.9,0.9,0.9,0.9,0.9,0.9,0.9,0.8999999999999988,0.8999999999999988,0.0,0.8999999999999988,0.9,0.9,0.9,0.9,0.9,0.9
RANDOM_Size_1002_MinAct_5_MinTransProb_0.01_Model_11,1002,0.0,0.0,0.0,0.0,0.0,0.0,0.0,0.0,0.0,0.0,0.0,0.0,0.0,0.0,0.0,0.0,0.0,0.0,0.0
RANDOM_Size_1002_MinAct_5_MinTransProb_0.01_Model_12,1002,0.9000000000000001,0.9000000000000001,0.9,0.9000000000000001,0.9000000000000001,0.9,0.9000000000000001,0.9000000000000001,0.9,0.8999999999999999,0.8999999999999987,0.0,0.8999999999999941,0.9000000000000001,0.9000000000000001,0.9,0.9000000000000001,0.9000000000000001,0.9
RANDOM_Size_1002_MinAct_5_MinTransProb_0.01_Model_13,1002,0.9000000000000002,0.9000000000000002,0.8999991,0.9000000000000002,0.8999999987203565,0.89998553664,0.89999999860032,0.89999999860032,0.9,0.8999999999999916,0.8999999999999916,0.0,0.899999999999993,,0.8999999999879068,0.9,0.9,0.8999999987167734,0.8999991
RANDOM_Size_1002_MinAct_5_MinTransProb_0.01_Model_14,1002,0.0,0.0,0.0,0.0,0.0,0.0,0.0,0.0,0.0,0.0,0.0,0.0,0.0,0.0,0.0,0.0,0.0,0.0,0.0
RANDOM_Size_1002_MinAct_5_MinTransProb_0.01_Model_15,1002,0.0,0.0,0.0,0.0,0.0,0.0,0.0,0.0,0.0,0.0,0.0,0.0,0.0,,,0.0,0.0,0.0,0.0
RANDOM_Size_1002_MinAct_5_MinTransProb_0.01_Model_16,1002,0.0,0.0,0.0,0.0,0.0,0.0,0.0,0.0,0.0,0.0,0.0,0.0,0.0,,,,0.0,0.0,0.0
RANDOM_Size_1002_MinAct_5_MinTransProb_0.01_Model_17,1002,0.9000000000000001,0.9000000000000001,0.9,0.9000000000000001,0.9000000000000001,0.9,0.9000000000000001,0.9000000000000001,0.9,0.9000000000000014,0.9000000000000014,0.0,0.8999999999999971,,,0.9,0.9000000000000001,0.9000000000000001,0.9
RANDOM_Size_1002_MinAct_5_MinTransProb_0.01_Model_18,1002,0.0,0.0,0.0,0.0,0.0,0.0,0.0,0.0,0.0,0.0,0.0,0.0,0.0,,,,0.0,0.0,0.0
RANDOM_Size_1002_MinAct_5_MinTransProb_0.01_Model_19,1002,0.0,0.0,0.0,0.0,0.0,0.0,0.0,0.0,0.0,0.0,0.0,0.0,0.0,,,,0.0,0.0,0.0
RANDOM_Size_1002_MinAct_5_MinTransProb_0.01_Model_2,1002,0.0,0.0,0.0,0.0,0.0,0.0,0.0,0.0,0.0,0.0,0.0,0.0,0.0,0.0,0.0,0.0,0.0,0.0,0.0
RANDOM_Size_1002_MinAct_5_MinTransProb_0.01_Model_20,1002,0.0,0.0,0.0,0.0,0.0,0.0,0.0,0.0,0.0,0.0,0.0,0.0,0.0,,,0.0,0.0,0.0,0.0
RANDOM_Size_1002_MinAct_5_MinTransProb_0.01_Model_3,1002,0.0,0.0,0.0,0.0,0.0,0.0,0.0,0.0,0.0,0.0,0.0,0.0,0.0,0.0,0.0,0.0,0.0,0.0,0.0
RANDOM_Size_1002_MinAct_5_MinTransProb_0.01_Model_4,1002,0.0,0.0,0.0,0.0,0.0,0.0,0.0,0.0,0.0,0.0,0.0,0.0,0.0,0.0,0.0,0.0,0.0,0.0,0.0
RANDOM_Size_1002_MinAct_5_MinTransProb_0.01_Model_5,1002,0.9,0.9,0.9,0.9,0.9,0.9,0.9,0.9,0.9,0.8999999999999992,0.8999999999999992,0.0,0.8999999999999992,0.9,0.9,0.9,0.9,0.9,0.9
RANDOM_Size_1002_MinAct_5_MinTransProb_0.01_Model_6,1002,0.0,0.0,0.0,0.0,0.0,0.0,0.0,0.0,0.0,0.0,0.0,0.0,0.0,0.0,0.0,0.0,0.0,0.0,0.0
RANDOM_Size_1002_MinAct_5_MinTransProb_0.01_Model_7,1002,0.9,0.9,0.648,0.9,0.9,0.648,0.9,0.9,0.648,0.9000000000000035,0.9000000000000035,0.0,0.9000000000000035,0.9,0.9,0.9,0.9,0.9,0.9
RANDOM_Size_1002_MinAct_5_MinTransProb_0.01_Model_8,1002,0.0,0.0,0.0,0.0,0.0,0.0,0.0,0.0,0.0,0.0,0.0,0.0,0.0,0.0,0.0,0.0,0.0,0.0,0.0
RANDOM_Size_1002_MinAct_5_MinTransProb_0.01_Model_9,1002,0.0,0.0,0.0,0.0,0.0,0.0,0.0,0.0,0.0,0.0,0.0,0.0,0.0,,,0.0,0.0,0.0,0.0
RANDOM_Size_1002_MinAct_5_Model_1,1002,0.9,0.9,0.9,0.9,0.9,0.9,0.9,0.9,0.9,0.9000000000000001,0.9000000000000001,0.0,0.8999999999999998,0.9,0.9,0.9,,0.9,0.9
RANDOM_Size_1002_MinAct_5_Model_10,1002,0.9,0.9,0.9,0.9,0.9,0.9,0.9,0.9,0.9,0.8999999999999979,0.8999999999999979,0.0,0.8999999999999979,0.9,0.9,0.9,0.9,0.9,0.9
RANDOM_Size_1002_MinAct_5_Model_11,1002,0.0,0.0,0.0,0.0,0.0,0.0,0.0,0.0,0.0,0.0,0.0,0.0,0.0,0.0,0.0,0.0,0.0,0.0,0.0
RANDOM_Size_1002_MinAct_5_Model_12,1002,0.0,0.0,0.0,0.0,0.0,0.0,0.0,0.0,0.0,0.0,0.0,0.0,0.0,0.0,0.0,0.0,0.0,0.0,0.0
RANDOM_Size_1002_MinAct_5_Model_13,1002,0.0,0.0,0.0,0.0,0.0,0.0,0.0,0.0,0.0,0.0,0.0,0.0,0.0,0.0,0.0,0.0,0.0,0.0,0.0
RANDOM_Size_1002_MinAct_5_Model_14,1002,0.0,0.0,0.0,0.0,0.0,0.0,0.0,0.0,0.0,0.0,0.0,0.0,0.0,0.0,0.0,0.0,0.0,0.0,0.0
RANDOM_Size_1002_MinAct_5_Model_15,1001,0.0,0.0,0.0,0.0,0.0,0.0,0.0,0.0,0.0,0.0,0.0,0.0,0.0,0.0,0.0,0.0,0.0,0.0,0.0
RANDOM_Size_1002_MinAct_5_Model_16,1002,0.0,0.0,0.0,0.0,0.0,0.0,0.0,0.0,0.0,0.0,0.0,0.0,0.0,0.0,0.0,0.0,0.0,0.0,0.0
RANDOM_Size_1002_MinAct_5_Model_17,1002,0.9,0.9,0.9,0.9,0.9,0.9,0.9,0.9,0.9,0.8999999999999998,0.8999999999999998,0.0,0.8999999999999998,0.9,0.9,0.9,0.9,0.9,0.9
RANDOM_Size_1002_MinAct_5_Model_18,1002,0.9,0.9,0.9,0.9,0.9,0.9,0.9,0.9,0.9,0.8999999999999977,0.8999999999999977,0.0,0.8999999999999977,0.9,0.9,0.9,0.9,0.9,0.9
RANDOM_Size_1002_MinAct_5_Model_19,1002,0.0,0.0,0.0,0.0,0.0,0.0,0.0,0.0,0.0,0.0,0.0,0.0,0.0,0.0,0.0,0.0,0.0,0.0,0.0
RANDOM_Size_1002_MinAct_5_Model_2,1002,0.9,0.9,0.9,0.9,0.9,0.9,0.9,0.9,0.9,0.8999999999999954,0.8999999999999954,0.0,0.8999999999999954,0.9,0.9,0.9,0.9,0.9,0.9
RANDOM_Size_1002_MinAct_5_Model_20,1002,0.0,0.0,0.0,0.0,0.0,0.0,0.0,0.0,0.0,0.0,0.0,0.0,0.0,0.0,0.0,0.0,0.0,0.0,0.0
RANDOM_Size_1002_MinAct_5_Model_3,1002,0.0,0.0,0.0,0.0,0.0,0.0,0.0,0.0,0.0,0.0,0.0,0.0,0.0,0.0,0.0,0.0,0.0,0.0,0.0
RANDOM_Size_1002_MinAct_5_Model_4,1002,0.0,0.0,0.0,0.0,0.0,0.0,0.0,0.0,0.0,0.0,0.0,0.0,0.0,0.0,0.0,0.0,0.0,0.0,0.0
RANDOM_Size_1002_MinAct_5_Model_5,1002,0.0,0.0,0.0,0.0,0.0,0.0,0.0,0.0,0.0,0.0,0.0,0.0,0.0,0.0,0.0,0.0,0.0,0.0,0.0
RANDOM_Size_1002_MinAct_5_Model_6,1002,0.0,0.0,0.0,0.0,0.0,0.0,0.0,0.0,0.0,0.0,0.0,0.0,0.0,0.0,0.0,0.0,0.0,0.0,0.0
RANDOM_Size_1002_MinAct_5_Model_7,1002,0.0,0.0,0.0,0.0,0.0,0.0,0.0,0.0,0.0,0.0,0.0,0.0,0.0,0.0,0.0,0.0,0.0,0.0,0.0
RANDOM_Size_1002_MinAct_5_Model_8,1002,0.0,0.0,0.0,0.0,0.0,0.0,0.0,0.0,0.0,0.0,0.0,0.0,0.0,0.0,0.0,0.0,0.0,0.0,0.0
RANDOM_Size_1002_MinAct_5_Model_9,1002,0.0,0.0,0.0,0.0,0.0,0.0,0.0,0.0,0.0,0.0,0.0,0.0,0.0,0.0,0.0,0.0,0.0,0.0,0.0
RANDOM_Size_1002_MinTransProb_0.0001_Model_1,1002,0.0,0.0,0.0,0.0,0.0,0.0,0.0,0.0,0.0,0.0,0.0,0.0,0.0,0.0,0.0,0.0,0.0,0.0,0.0
RANDOM_Size_1002_MinTransProb_0.0001_Model_10,1002,0.0,0.0,0.0,0.0,0.0,0.0,0.0,0.0,0.0,0.0,0.0,0.0,0.0,0.0,0.0,0.0,0.0,0.0,0.0
RANDOM_Size_1002_MinTransProb_0.0001_Model_11,1002,0.9,0.9,0.9,0.9,0.9,0.9,0.9,0.9,0.9,0.9000000000000001,0.9000000000000001,0.0,0.0,0.9,0.9,0.9,0.9,0.9,0.9
RANDOM_Size_1002_MinTransProb_0.0001_Model_12,999,0.012451937876841127,0.012451937876841127,0.012451492463972523,0.012451937876841127,0.012451937869408002,0.012451464651221935,0.012451937876841127,0.012451937876841127,0.01245152916130375,,,0.0,0.012451937876841125,0.012451937876841127,0.012451937885408144,0.012451937876841125,0.012451924208929545,0.012451937862494026,0.012451137376399614
RANDOM_Size_1002_MinTransProb_0.0001_Model_13,1002,0.0,0.0,0.0,0.0,0.0,0.0,0.0,0.0,0.0,0.0,0.0,0.0,0.0,0.0,0.0,0.0,0.0,0.0,0.0
RANDOM_Size_1002_MinTransProb_0.0001_Model_14,1002,0.0,0.0,0.0,0.0,0.0,0.0,0.0,0.0,0.0,0.0,0.0,0.0,0.0,0.0,0.0,0.0,0.0,0.0,0.0
RANDOM_Size_1002_MinTransProb_0.0001_Model_15,1002,0.0,0.0,0.0,0.0,0.0,0.0,0.0,0.0,0.0,0.0,0.0,0.0,0.0,0.0,0.0,0.0,0.0,0.0,0.0
RANDOM_Size_1002_MinTransProb_0.0001_Model_16,1002,0.0,0.0,0.0,0.0,0.0,0.0,0.0,0.0,0.0,0.0,0.0,0.0,0.0,0.0,0.0,,0.0,0.0,0.0
RANDOM_Size_1002_MinTransProb_0.0001_Model_17,1002,0.0,0.0,0.0,0.0,0.0,0.0,0.0,0.0,0.0,0.0,0.0,0.0,0.0,0.0,0.0,0.0,0.0,0.0,0.0
RANDOM_Size_1002_MinTransProb_0.0001_Model_18,1002,0.0,0.0,0.0,0.0,0.0,0.0,0.0,0.0,0.0,0.0,0.0,0.0,0.0,0.0,0.0,0.0,0.0,0.0,0.0
RANDOM_Size_1002_MinTransProb_0.0001_Model_19,1002,0.0,0.0,0.0,0.0,0.0,0.0,0.0,0.0,0.0,,,0.0,0.0,0.0,0.0,0.0,0.0,0.0,0.0
RANDOM_Size_1002_MinTransProb_0.0001_Model_2,1002,0.0,0.0,0.0,0.0,0.0,0.0,0.0,0.0,0.0,0.0,0.0,0.0,0.0,0.0,0.0,0.0,0.0,0.0,0.0
RANDOM_Size_1002_MinTransProb_0.0001_Model_20,1002,0.0,0.0,0.0,0.0,0.0,0.0,0.0,0.0,0.0,0.0,0.0,0.0,0.0,0.0,0.0,0.0,0.0,0.0,0.0
RANDOM_Size_1002_MinTransProb_0.0001_Model_3,1002,0.0,0.0,0.0,0.0,0.0,0.0,0.0,0.0,0.0,,,0.0,0.0,0.0,0.0,0.0,0.0,0.0,0.0
RANDOM_Size_1002_MinTransProb_0.0001_Model_4,1002,0.0,0.0,0.0,0.0,0.0,0.0,0.0,0.0,0.0,0.0,0.0,0.0,0.0,0.0,0.0,0.0,0.0,0.0,0.0
RANDOM_Size_1002_MinTransProb_0.0001_Model_5,1002,0.0,0.0,0.0,0.0,0.0,0.0,0.0,0.0,0.0,0.0,0.0,0.0,0.0,0.0,0.0,0.0,0.0,0.0,0.0
RANDOM_Size_1002_MinTransProb_0.0001_Model_6,1002,0.0,0.0,0.0,0.0,0.0,0.0,0.0,0.0,0.0,0.0,0.0,0.0,0.0,,,,0.0,0.0,0.0
RANDOM_Size_1002_MinTransProb_0.0001_Model_7,1002,0.0,0.0,0.0,0.0,0.0,0.0,0.0,0.0,0.0,0.0,0.0,0.0,0.0,0.0,0.0,0.0,0.0,0.0,0.0
RANDOM_Size_1002_MinTransProb_0.0001_Model_8,1002,0.0,0.0,0.0,0.0,0.0,0.0,0.0,0.0,0.0,0.0,0.0,0.0,0.0,0.0,0.0,0.0,0.0,0.0,0.0
RANDOM_Size_1002_MinTransProb_0.0001_Model_9,1002,0.0,0.0,0.0,0.0,0.0,0.0,0.0,0.0,0.0,0.0,0.0,0.0,0.0,0.0,0.0,0.0,0.0,0.0,0.0
RANDOM_Size_1002_MinTransProb_0.01_Model_1,1002,0.333,0.333,0.333,0.333,0.333,0.333,0.333,0.333,0.333,0.333,0.333,0.0,0.333,0.333,0.333,0.333,0.333,0.333,0.333
RANDOM_Size_1002_MinTransProb_0.01_Model_10,1002,0.0,0.0,0.0,0.0,0.0,0.0,0.0,0.0,0.0,0.0,0.0,0.0,0.0,0.0,0.0,0.0,0.0,0.0,0.0
RANDOM_Size_1002_MinTransProb_0.01_Model_11,1002,0.20149220124614253,0.20149220124614253,0.20149220331899517,0.20149253731343286,0.20149253731343286,0.20149220331900214,0.20149250071570496,0.20149250071570496,0.20149220331899517,0.20149253731343286,0.20149253731343286,0.0,0.20149253731343286,0.20149253731343286,0.20149253731343286,0.20149253731343286,0.20149253731343286,0.20149252523618266,0.20149220124614253
RANDOM_Size_1002_MinTransProb_0.01_Model_12,1000,0.0,0.0,0.0,0.0,0.0,0.0,0.0,0.0,0.0,0.0,0.0,0.0,0.0,0.0,0.0,0.0,0.0,0.0,0.0
RANDOM_Size_1002_MinTransProb_0.01_Model_13,1002,0.0,0.0,0.0,0.0,0.0,0.0,0.0,0.0,0.0,0.0,0.0,0.0,0.0,0.0,0.0,0.0,0.0,0.0,0.0
RANDOM_Size_1002_MinTransProb_0.01_Model_14,1002,0.0,0.0,0.0,0.0,0.0,0.0,0.0,0.0,0.0,0.0,0.0,0.0,0.0,0.0,0.0,0.0,0.0,0.0,0.0
RANDOM_Size_1002_MinTransProb_0.01_Model_15,1001,0.0,0.0,0.0,0.0,0.0,0.0,0.0,0.0,0.0,0.0,0.0,,0.0,,,0.0,0.0,0.0,0.0
RANDOM_Size_1002_MinTransProb_0.01_Model_16,1002,0.005234810082757171,0.005234810082760773,,0.005234810082760772,0.0052348097781639,,0.005234810082760773,0.005234810082760773,,0.005234810082760775,0.005234810082760775,,0.005234810082760775,0.005234810082760768,0.005234810082749182,0.005234810082760773,,0.005234808302145177,0.005234001868297825
RANDOM_Size_1002_MinTransProb_0.01_Model_17,1002,0.0,0.0,0.0,0.0,0.0,0.0,0.0,0.0,0.0,0.0,,0.0,0.0,0.0,0.0,0.0,,0.0,0.0
RANDOM_Size_1002_MinTransProb_0.01_Model_18,1002,0.891,0.8910000000000008,,0.8910000000000008,0.8910000000000001,,0.8910000000000001,0.8910000000000001,,0.8909999999999991,0.8909999999999991,,0.8909999999999961,,,0.891,,0.8910000000000001,0.891
RANDOM_Size_1002_MinTransProb_0.01_Model_19,1002,0.0,0.0,0.0,0.0,0.0,0.0,0.0,0.0,0.0,0.0,0.0,0.0,0.0,0.0,0.0,0.0,0.0,0.0,0.0
RANDOM_Size_1002_MinTransProb_0.01_Model_2,1002,0.0,0.0,0.0,0.0,0.0,0.0,0.0,0.0,0.0,0.0,0.0,0.0,0.0,0.0,0.0,0.0,0.0,0.0,0.0
RANDOM_Size_1002_MinTransProb_0.01_Model_20,1001,0.0,0.0,0.0,0.0,0.0,0.0,0.0,0.0,0.0,0.0,0.0,0.0,0.0,0.0,0.0,,0.0,0.0,0.0
RANDOM_Size_1002_MinTransProb_0.01_Model_3,1000,0.9,0.9,0.9,0.9,0.9,0.9,0.9,0.9,0.9,0.9,0.9,0.0,0.9,0.9,0.9,0.9,0.9,0.9,0.9
RANDOM_Size_1002_MinTransProb_0.01_Model_4,1002,0.0,0.0,0.0,0.0,0.0,0.0,0.0,0.0,0.0,0.0,0.0,0.0,0.0,0.0,0.0,0.0,0.0,0.0,0.0
RANDOM_Size_1002_MinTransProb_0.01_Model_5,1002,0.0,0.0,0.0,0.0,0.0,0.0,0.0,0.0,0.0,0.0,0.0,0.0,0.0,0.0,0.0,0.0,0.0,0.0,0.0
RANDOM_Size_1002_MinTransProb_0.01_Model_6,1002,0.0,0.0,0.0,0.0,0.0,0.0,0.0,0.0,0.0,0.0,0.0,0.0,0.0,0.0,0.0,0.0,0.0,0.0,0.0
RANDOM_Size_1002_MinTransProb_0.01_Model_7,1002,0.0,0.0,0.0,0.0,0.0,0.0,0.0,0.0,0.0,0.0,,0.0,0.0,0.0,0.0,0.0,0.0,0.0,0.0
RANDOM_Size_1002_MinTransProb_0.01_Model_8,1002,0.0,0.0,0.0,0.0,0.0,0.0,0.0,0.0,0.0,0.0,0.0,0.0,0.0,0.0,0.0,0.0,0.0,0.0,0.0
RANDOM_Size_1002_MinTransProb_0.01_Model_9,1002,0.9,0.9,0.9,0.9,0.9,0.9,0.9,0.9,0.9,0.9,0.9,0.0,0.9,0.9,0.9,0.9,0.9,0.9,0.9
RANDOM_Size_1002_Model_1,1002,0.0,0.0,0.0,0.0,0.0,0.0,0.0,0.0,0.0,0.0,0.0,0.0,0.0,0.0,0.0,0.0,0.0,0.0,0.0
RANDOM_Size_1002_Model_10,1002,0.0,0.0,0.0,0.0,0.0,0.0,0.0,0.0,0.0,0.0,0.0,0.0,0.0,0.0,0.0,0.0,0.0,0.0,0.0
RANDOM_Size_1002_Model_11,1002,0.0,0.0,0.0,0.0,0.0,0.0,0.0,0.0,0.0,0.0,0.0,0.0,0.0,0.0,0.0,0.0,0.0,0.0,0.0
RANDOM_Size_1002_Model_12,1002,0.0,0.0,0.0,0.0,0.0,0.0,0.0,0.0,0.0,0.0,0.0,0.0,0.0,0.0,0.0,0.0,0.0,0.0,0.0
RANDOM_Size_1002_Model_13,1002,0.0,0.0,0.0,0.0,0.0,0.0,0.0,0.0,0.0,0.0,0.0,0.0,0.0,0.0,0.0,0.0,0.0,0.0,0.0
RANDOM_Size_1002_Model_14,1002,0.0,0.0,0.0,0.0,0.0,0.0,0.0,0.0,0.0,0.0,0.0,0.0,0.0,0.0,0.0,0.0,0.0,0.0,0.0
RANDOM_Size_1002_Model_15,1002,0.0,0.0,0.0,0.0,0.0,0.0,0.0,0.0,0.0,0.0,0.0,0.0,0.0,0.0,0.0,0.0,0.0,0.0,0.0
RANDOM_Size_1002_Model_16,1002,0.0,0.0,0.0,0.0,0.0,0.0,0.0,0.0,0.0,0.0,0.0,0.0,0.0,0.0,0.0,0.0,0.0,0.0,0.0
RANDOM_Size_1002_Model_17,1002,0.0,0.0,0.0,0.0,0.0,0.0,0.0,0.0,0.0,0.0,0.0,0.0,0.0,0.0,0.0,0.0,0.0,0.0,0.0
RANDOM_Size_1002_Model_18,1002,0.0,0.0,0.0,0.0,0.0,0.0,0.0,0.0,0.0,0.0,0.0,0.0,0.0,0.0,0.0,0.0,0.0,0.0,0.0
RANDOM_Size_1002_Model_19,1002,0.0,0.0,0.0,0.0,0.0,0.0,0.0,0.0,0.0,0.0,0.0,,0.0,0.0,0.0,0.0,,0.0,0.0
RANDOM_Size_1002_Model_2,997,0.0,0.0,0.0,0.0,0.0,0.0,0.0,0.0,0.0,0.0,0.0,0.0,0.0,0.0,0.0,0.0,0.0,0.0,0.0
RANDOM_Size_1002_Model_20,1002,0.0,0.0,0.0,0.0,0.0,0.0,0.0,0.0,0.0,0.0,0.0,0.0,0.0,0.0,0.0,0.0,0.0,0.0,0.0
RANDOM_Size_1002_Model_3,1002,0.0,0.0,0.0,0.0,0.0,0.0,0.0,0.0,0.0,0.0,0.0,0.0,0.0,0.0,0.0,0.0,0.0,0.0,0.0
RANDOM_Size_1002_Model_4,1002,0.0,0.0,0.0,0.0,0.0,0.0,0.0,0.0,0.0,0.0,0.0,0.0,0.0,0.0,0.0,0.0,0.0,0.0,0.0
RANDOM_Size_1002_Model_5,1002,0.0,0.0,0.0,0.0,0.0,0.0,0.0,0.0,0.0,0.0,0.0,0.0,0.0,0.0,0.0,0.0,0.0,0.0,0.0
RANDOM_Size_1002_Model_6,1002,0.0,0.0,0.0,0.0,0.0,0.0,0.0,0.0,0.0,0.0,0.0,0.0,0.0,0.0,0.0,0.0,0.0,0.0,0.0
RANDOM_Size_1002_Model_7,1002,0.0,0.0,0.0,0.0,0.0,0.0,0.0,0.0,0.0,0.0,0.0,,0.0,0.0,0.0,0.0,0.0,0.0,0.0
RANDOM_Size_1002_Model_8,998,0.0,0.0,0.0,0.0,0.0,0.0,0.0,0.0,0.0,0.0,0.0,,0.0,0.0,0.0,0.0,,0.0,0.0
RANDOM_Size_1002_Model_9,1002,0.0,0.0,0.0,0.0,0.0,0.0,0.0,0.0,0.0,0.0,0.0,,0.0,0.0,0.0,0.0,,0.0,0.0
